,gal_num,redshift,xcoord,xcoord_error,ycoord,ycoord_error,int_mag,int_mag_error,half_light_rad,half_light_rad_error,sersic_index,sersic_index_error,axis_ratio,axis_ratio_error,position_angle,position_angle_error,reduced_chi_squared,inclination_angle,is_good_fit,shows_internal_struct,overlaps_w_object,is_big_galaxy,edited,double_model,QSO,azimuthal_angle
0,0,0.1843,1640.88,0.01,1958.44,0.01,-23.0,0.01,1.55,0.02,0.46,0.02,0.29,0.0,10.99,0.34,0.191,73.14204397750285,False,False,False,False,False,False,LBQS1435-0134,55.258767751207294
1,1,0.41296,2654.21,0.26,2575.02,0.42,-19.39,0.22,2.18,0.56,0.44,0.35,0.33,0.08,32.44,8.6,0.108,70.73122450851622,True,False,False,False,False,False,LBQS1435-0134,56.23603143754632
2,2,0.50876,2637.12,0.27,2009.5,0.17,-20.65,0.12,3.67,0.29,0.08,0.08,0.43,0.04,58.11,3.88,0.123,64.53243985752763,True,False,False,True,False,False,LBQS1435-0134,36.19550143012011
3,3,0.54623,2598.76,0.54,2490.22,0.97,-22.81,0.15,13.16,1.66,0.49,0.08,0.57,0.05,-5.52,5.89,0.111,55.24977424631754,True,False,False,True,False,False,LBQS1435-0134,4.259117933359723
4,4,0.61174,2240.16,0.01,2756.29,0.07,-19.61,0.06,4.12,0.03,0.01,0.01,0.42,0.06,4.52,6.34,0.104,65.16541251029842,True,False,False,True,False,False,LBQS1435-0134,63.86299374702369
5,5,0.71494,2284.22,0.06,2756.08,0.17,-21.79,0.04,4.12,0.16,0.25,0.04,0.36,0.02,2.44,1.43,0.108,68.89980397590698,False,False,False,True,False,False,LBQS1435-0134,9.289515374340374
6,6,0.75457,2343.85,0.09,2103.51,0.12,-23.42,0.08,7.47,0.62,1.1,0.08,0.75,0.03,22.96,5.35,0.122,41.40962210927086,False,False,False,True,False,False,LBQS1435-0134,21.242420188377736
7,7,0.81417,2321.67,0.09,1834.48,0.18,-21.62,0.06,3.21,0.24,0.54,0.08,0.53,0.03,6.86,4.03,0.133,57.99454517223575,False,False,False,True,False,False,LBQS1435-0134,15.690347943690234
8,8,0.89706,2131.46,0.04,1904.93,0.05,-22.45,0.05,2.93,0.16,0.97,0.06,0.78,0.03,42.49,5.97,0.12,38.73942459785565,False,False,False,False,False,False,LBQS1435-0134,87.7508157235413
9,9,0.90178,1776.86,0.06,2422.78,0.19,-24.36,0.02,14.26,0.26,0.46,0.02,0.22,0.0,16.04,0.28,0.15,77.29096700560457,False,False,False,True,False,False,LBQS1435-0134,63.328079226233456
10,10,0.92584,1797.65,0.09,1945.46,0.12,-21.65,0.37,6.06,2.82,2.04,0.71,0.55,0.08,-32.87,8.83,0.125,56.63298703076825,False,False,True,True,False,False,LBQS1435-0134,79.99944246847119
11,11,1.08538,1726.49,0.09,2414.77,0.23,-22.82,0.18,10.79,2.09,1.43,0.22,0.39,0.03,22.09,2.55,0.116,67.04550059860719,True,False,False,True,False,False,LBQS1435-0134,10.763005575991807
12,12,1.18458,1732.17,0.01,1812.55,0.0,-23.68,0.01,1.54,0.02,1.29,0.03,0.86,0.01,-10.48,2.22,0.138,30.68341710897582,False,False,False,False,False,False,LBQS1435-0134,54.89210893776743
13,13,1.20181,2721.66,0.19,2873.2,0.16,-20.76,0.1,3.39,0.22,0.07,0.06,0.66,0.06,46.61,7.07,0.09,48.70012720829413,False,False,False,True,False,False,LBQS1435-0134,1.528984512084501
14,14,1.26998,2705.55,0.22,2134.21,0.36,-22.79,0.13,7.66,1.05,0.91,0.13,0.62,0.04,-3.31,6.49,0.138,51.68386552633426,False,False,True,True,False,False,LBQS1435-0134,46.10580157635807
0,51,0.1765,4124.23,0.06,2361.39,0.02,-27.35,0.02,37.6,0.64,1.33,0.02,0.35,0.0,-78.0,0.15,0.0,69.51268488527734,True,True,False,True,False,False,PG1407+265,82.05157451687018
1,52,0.2197864353656768,1477.03,0.01,2743.74,0.01,-27.24,0.0,9.69,0.03,0.73,0.0,0.45,0.0,87.56,0.1,0.0,63.256316049597,True,True,False,True,False,False,PG1407+265,45.42568528696985
2,53,0.2286,1911.45,0.11,2587.6,0.09,-24.57,0.03,13.22,0.36,0.94,0.02,0.77,0.01,-78.77,2.39,0.0,39.64611114697372,True,False,False,True,False,False,PG1407+265,58.78342054054217
3,54,0.2495,2470.99,0.03,2756.63,0.02,-25.2,0.02,14.5,0.37,1.52,0.03,0.72,0.01,-59.83,1.12,0.0,43.945519562308846,True,True,False,True,True,False,PG1407+265,83.03669417786969
4,55,0.283,2147.12,0.01,1293.86,0.02,-25.72,0.0,10.0,0.06,1.03,0.01,0.41,0.0,-27.28,0.14,0.0,65.79516519854168,True,True,False,True,False,False,PG1407+265,26.064283955592952
5,56,0.2974,1646.99,0.01,2813.1,0.02,-23.86,0.01,4.19,0.05,0.91,0.01,0.69,0.01,24.61,0.92,0.0,46.369891132145696,True,False,False,True,False,False,PG1407+265,56.17164020530202
6,57,0.3242,1450.22,0.01,3482.31,0.01,-23.96,0.01,3.99,0.04,0.98,0.01,0.83,0.01,-43.99,1.66,0.0,33.901261996866275,True,True,False,True,True,False,PG1407+265,19.280661432016046
7,58,0.373,2807.6,0.07,3926.33,0.07,-23.97,0.05,12.03,0.65,1.41,0.06,0.93,0.02,66.05,11.61,0.0,21.56518501524267,False,True,False,True,False,False,PG1407+265,34.24781081910633
8,59,0.4039,1231.4,0.03,2623.12,0.02,-23.15,0.02,4.07,0.1,0.96,0.03,0.76,0.01,-57.71,2.57,0.0,40.53580211131656,True,False,False,True,False,False,PG1407+265,22.76284642386056
9,60,0.4601,1394.98,0.02,3098.37,0.01,-26.26,0.01,15.08,0.13,1.39,0.01,0.4,0.0,-57.83,0.15,0.0,66.42182152179817,True,True,False,True,False,False,PG1407+265,54.43889705569868
10,62,0.575431114342,973.9,0.0,3451.91,0.0,-25.99,0.0,4.8,0.02,1.23,0.0,0.68,0.0,87.09,0.19,0.0,47.15635695640366,True,True,False,True,False,False,PG1407+265,50.86319350511441
11,63,0.5998,1940.66,0.03,3052.4,0.04,-26.24,0.04,27.44,1.12,1.87,0.04,0.75,0.01,15.8,1.01,0.0,41.40962210927086,True,True,False,True,False,False,PG1407+265,27.87547707675121
12,64,0.6674,1773.12,0.04,3684.16,0.02,-26.09,0.01,16.07,0.15,0.99,0.01,0.56,0.0,74.02,0.34,0.0,55.94420225743209,True,True,False,True,False,False,PG1407+265,34.764959007719575
13,65,0.6776,2591.48,0.01,3291.2,0.02,-24.86,0.01,8.72,0.11,1.34,0.01,0.65,0.0,17.55,0.6,0.0,49.45839812649548,True,False,False,True,False,False,PG1407+265,2.649446054095337
14,66,0.6826,2435.36,0.0,3151.94,0.0,-25.62,0.0,5.49,0.03,1.3,0.01,0.61,0.0,-51.22,0.22,0.0,52.41049703514314,True,True,True,True,False,False,PG1407+265,74.40523891247834
15,67,0.8718,3151.41,0.01,3051.76,0.01,-25.98,0.01,11.16,0.14,1.95,0.02,0.9,0.0,-89.28,1.52,0.0,25.84193276316713,True,True,False,True,False,False,PG1407+265,74.95924848730755
0,0,0.140991136431694,2474.69,0.05,2635.86,0.07,-27.25,0.37,52.53,15.78,2.17,0.21,0.76,0.01,-11.4,2.01,0.252,,True,False,False,True,False,False,FBQSJ0751+2919,51.676879387704865
1,1,0.1463,1824.7,0.04,2660.46,0.06,-24.95,0.04,10.35,0.36,1.11,0.03,0.57,0.01,23.02,0.99,0.2,,True,False,False,True,True,False,FBQSJ0751+2919,75.17578599165668
2,2,0.1723918318748474,2281.64,0.07,2028.17,0.15,-23.5,0.05,8.51,0.46,0.9,0.05,0.41,0.01,24.58,1.37,0.16,,True,True,False,True,False,False,FBQSJ0751+2919,87.55978024786728
3,3,0.2120840400457382,1732.47,0.06,2278.32,0.07,-24.49,0.02,6.55,0.13,0.67,0.02,0.82,0.01,-7.45,2.81,0.172,,True,True,False,True,False,False,FBQSJ0751+2919,31.433351934958086
4,4,0.2821978628635406,2364.73,0.01,1972.29,0.01,-26.53,0.01,8.04,0.09,1.42,0.01,0.43,0.0,-8.98,0.21,0.94,,True,False,False,True,False,False,FBQSJ0751+2919,9.392991373616004
5,5,0.2885,1791.56,0.08,1982.39,0.04,-25.37,0.01,13.11,0.19,0.74,0.01,0.48,0.0,69.51,0.48,0.168,,True,False,False,True,False,False,FBQSJ0751+2919,44.43410362210071
6,6,0.295,2928.15,0.03,2335.85,0.05,-25.53,0.02,10.08,0.23,0.99,0.02,0.63,0.01,27.93,0.92,0.279,,True,False,False,True,False,False,FBQSJ0751+2919,89.17458013996337
7,7,0.3360468745231628,2727.08,0.01,2973.04,0.01,-23.99,0.01,2.18,0.03,1.07,0.02,0.97,0.01,66.82,11.9,0.147,,True,True,False,False,False,False,FBQSJ0751+2919,43.15511529267414
8,8,0.372,2906.42,0.05,1846.5,0.18,-25.59,0.02,25.92,0.41,0.72,0.01,0.21,0.0,16.96,0.18,0.154,,True,False,False,True,False,False,FBQSJ0751+2919,16.19753879076546
9,9,0.3850753903388977,1549.47,0.13,3424.77,0.09,-29.7,0.86,104.74,52.86,1.57,0.19,0.69,0.01,70.32,1.25,0.954,,True,False,False,True,True,False,FBQSJ0751+2919,12.875769703447576
10,10,0.4939,1091.13,0.08,2935.61,0.06,-25.49,0.02,17.27,0.36,0.89,0.02,0.29,0.0,-53.64,0.26,0.179,,True,True,False,True,False,False,FBQSJ0751+2919,31.015141248831238
11,11,0.5212332010269165,895.17,0.09,2644.28,0.09,-29.39,1.11,189.32,157.94,2.56,0.47,0.63,0.01,-44.79,1.61,0.87,,True,False,False,True,False,False,FBQSJ0751+2919,70.06054548018682
12,12,0.5297633409500122,1906.6,0.04,3732.89,0.01,-25.09,0.01,8.51,0.1,0.9,0.01,0.39,0.0,-76.55,0.27,0.15,,False,True,False,True,False,False,FBQSJ0751+2919,14.293493483379228
13,13,0.6156,829.04,0.01,3077.63,0.01,-26.7,0.01,10.14,0.08,1.21,0.01,0.47,0.0,48.1,0.17,0.363,,True,True,False,True,False,False,FBQSJ0751+2919,63.46192408542024
14,14,0.6693,399.42,0.03,2817.32,0.01,-28.72,0.14,93.81,11.33,2.7,0.09,0.51,0.0,-87.66,0.3,0.318,,True,False,False,True,False,False,FBQSJ0751+2919,6.100389557460833
15,15,0.6973,3582.54,0.03,1068.44,0.05,-29.87,0.41,166.76,50.48,2.41,0.17,0.62,0.01,8.18,0.57,0.362,,True,False,False,True,True,False,FBQSJ0751+2919,53.671589230645004
0,0,0.29619,1973.1,0.11,3205.27,0.05,-24.14,0.02,12.38,0.29,0.92,0.02,0.42,0.0,-81.78,0.64,0.098,65.16541251029841,True,False,False,True,False,False,PHL1377,61.357327978868376
1,1,0.8077,2070.26,0.11,2914.16,0.25,-24.47,0.02,24.38,0.59,0.75,0.02,0.2,0.0,-24.28,0.28,0.112,78.46304096718453,True,True,False,True,False,False,PHL1377,61.75156931576699
2,2,0.1735,1711.79,0.03,3181.99,0.03,-29.04,0.1,101.64,7.85,2.14,0.05,0.73,0.0,-31.48,0.52,0.278,43.11360594589871,True,True,False,True,False,False,PHL1377,24.199892517853026
3,3,0.9263,2670.08,0.35,3452.74,0.44,-24.62,0.07,11.35,1.0,0.68,0.09,0.42,0.02,38.22,2.9,6.013,65.16541251029841,True,True,False,True,False,False,PHL1377,30.256271055621973
4,4,0.4343,2780.29,0.02,3454.49,0.06,-24.91,0.01,12.61,0.19,1.0,0.01,0.45,0.0,-20.08,0.41,0.12,63.256316049597,True,True,False,True,False,False,PHL1377,76.74948377160845
5,5,0.4275,2941.67,0.09,3365.29,0.04,-25.78,0.03,26.35,0.67,1.26,0.03,0.47,0.0,-75.66,0.44,0.112,61.96570346511873,True,True,False,True,False,False,PHL1377,37.72534589294342
6,6,0.4098,1676.83,0.04,3891.68,0.09,-24.96,0.04,24.85,1.05,1.55,0.05,0.41,0.01,-11.66,0.55,0.086,65.79516519854168,True,False,False,True,False,False,PHL1377,37.94934202076329
7,7,0.364,2980.28,0.09,3894.46,0.06,-24.71,0.01,16.51,0.25,0.87,0.02,0.28,0.0,57.8,0.24,0.123,73.73979529168804,True,False,False,True,False,False,PHL1377,25.915692974792627
8,8,0.218,3227.96,0.13,2452.73,0.12,-28.7,0.05,66.21,2.63,1.28,0.03,0.28,0.0,-47.63,0.22,4.336,73.73979529168804,False,True,False,True,False,False,PHL1377,28.24962340528047
9,9,1.02429,2529.38,0.17,3128.23,0.2,-22.61,0.07,10.25,0.83,1.01,0.08,0.4,0.02,-39.64,1.94,0.089,66.42182152179817,True,False,False,True,False,False,PHL1377,67.49658460052481
10,10,0.61516,2137.01,0.08,3742.93,0.1,-21.12,0.06,2.65,0.22,0.79,0.08,0.75,0.04,24.06,8.85,0.079,41.40962210927086,True,False,False,False,False,False,PHL1377,30.885572337836454
11,11,0.86821,2213.56,0.29,3464.94,0.06,-22.61,0.02,10.48,0.33,0.42,0.03,0.21,0.01,-82.97,0.55,0.09,77.87764775521089,True,False,False,True,False,False,PHL1377,15.130424526422956
12,12,0.32242,2220.21,0.68,3378.86,0.69,-21.64,0.29,9.11,3.01,1.19,0.35,1.0,0.18,-38.77,1427.61,0.087,0.0,False,False,False,True,False,False,PHL1377,81.50157702550106
13,13,1.13426,2455.74,0.17,2850.43,0.11,-22.5,0.03,7.78,0.31,0.6,0.04,0.27,0.01,-56.06,0.81,0.096,74.33573314862649,True,False,False,True,False,False,PHL1377,14.578737295235003
14,14,1.07723,2526.95,0.05,2720.13,0.05,-21.07,0.07,1.55,0.14,1.1,0.14,0.96,0.07,0.81,69.86,0.111,16.260204708311967,True,False,False,False,True,False,PHL1377,71.31826624396531
15,15,1.08895,1975.93,0.11,3439.66,0.07,-21.68,0.07,3.57,0.32,1.03,0.1,0.69,0.03,66.63,6.35,0.098,46.369891132145696,True,False,False,True,False,False,PHL1377,66.5836895579114
16,16,0.18205,2071.46,0.14,3599.81,0.15,-21.66,0.05,5.13,0.33,0.66,0.07,0.36,0.02,42.47,1.85,0.086,68.89980397590698,True,False,False,True,False,False,PHL1377,82.11905541108946
17,17,0.69272,1800.78,0.07,3362.16,0.13,-21.63,0.03,3.57,0.16,0.46,0.05,0.48,0.02,-1.41,2.21,0.09,61.31459798588108,True,False,False,True,False,False,PHL1377,80.97396640434563
18,18,1.04959,2043.37,0.09,2696.62,0.09,-21.66,0.13,5.42,0.88,1.44,0.22,0.45,0.03,44.29,3.55,0.106,63.256316049597,True,False,False,True,False,False,PHL1377,44.87096952216503
0,78,0.1448222547769546,3479.01,0.0,1403.62,0.0,-28.54,0.01,10.45,0.09,2.31,0.01,0.73,0.0,-58.23,0.32,6.836,43.11360594589871,False,True,False,True,True,False,PG1630+377,16.537159716702572
1,80,0.17393,2305.88,0.05,2897.03,0.01,-28.49,0.01,54.68,0.63,1.35,0.01,0.19,0.0,-86.11,0.05,1.061,79.04721580110888,True,True,False,True,False,False,PG1630+377,85.84572769024955
2,81,0.1870958060026168,2253.65,0.08,796.77,0.03,-25.77,0.01,27.49,0.34,0.99,0.01,0.27,0.0,72.11,0.14,0.091,74.33573314862647,True,True,False,True,False,False,PG1630+377,21.45821312629062
3,82,0.2152,2064.02,0.15,3578.64,0.12,-24.74,0.02,22.27,0.4,0.7,0.02,0.32,0.0,-52.92,0.35,0.077,71.33707511505752,True,False,False,True,False,False,PG1630+377,65.60570108038415
4,83,0.27406,2025.46,0.02,3278.47,0.01,-26.47,0.02,20.13,0.48,1.93,0.03,0.72,0.0,-80.49,0.68,0.214,43.945519562308846,True,True,False,True,False,False,PG1630+377,7.918329140479383
5,84,0.27787,2397.42,0.03,2495.2,0.03,-27.43,0.01,21.17,0.25,1.11,0.01,0.72,0.0,-45.74,0.5,0.517,43.945519562308846,True,True,False,True,False,False,PG1630+377,24.090105415744336
6,85,0.3827,3015.0,0.05,4102.86,0.02,-25.53,0.01,22.17,0.17,0.75,0.01,0.18,0.0,69.77,0.06,0.11,79.63024019452257,True,True,True,True,True,False,PG1630+377,62.112467512815485
7,86,0.41763,1750.0,0.01,2396.35,0.01,-27.39,0.0,10.96,0.05,1.41,0.01,0.64,0.0,5.7,0.18,0.589,50.20818050044277,True,True,False,True,False,False,PG1630+377,61.3752345793292
8,87,0.5553,2864.36,0.0,2496.06,0.01,-25.9,0.01,7.63,0.07,1.9,0.01,0.86,0.0,-48.25,0.91,0.139,30.68341710897582,True,True,False,True,False,False,PG1630+377,42.924943505631425
9,89,0.6393,3196.81,0.11,3092.88,0.06,-25.44,0.03,23.66,0.53,0.95,0.02,0.55,0.01,59.22,0.62,0.082,56.63298703076825,True,True,False,True,False,False,PG1630+377,64.29826738092167
10,90,0.7186,2651.05,0.09,3176.52,0.2,-23.84,0.04,12.28,0.58,0.92,0.05,0.34,0.01,24.43,0.99,0.28,70.12312592992117,True,False,False,True,True,False,PG1630+377,7.218721548520282
11,91,0.914,2693.98,0.04,3189.38,0.07,-24.03,0.01,6.53,0.12,0.72,0.02,0.62,0.01,10.66,1.24,0.175,51.68386552633426,False,True,True,True,True,False,PG1630+377,63.614272402705154
12,92,1.43315,1997.55,0.18,3634.24,0.25,-23.5,0.02,15.0,0.45,0.55,0.03,0.39,0.01,-36.16,0.95,0.073,67.04550059860719,True,True,False,True,False,False,PG1630+377,75.08325815824219
0,0,0.12033,2252.33,0.01,3117.77,0.0,-28.91,0.0,9.72,0.05,1.67,0.01,0.57,0.0,76.77,0.15,15.564,55.24977424631754,True,False,False,True,True,False,PG1522+101,4.372553902047933
1,1,1.09566,2149.0,0.05,2698.4,0.06,-21.49,0.05,2.15,0.12,0.78,0.06,0.84,0.04,24.22,10.75,0.102,32.85988037888911,True,False,False,False,False,False,PG1522+101,19.573085325641173
2,2,1.19358,2140.16,0.13,2728.7,0.15,-21.44,0.06,3.88,0.32,0.65,0.09,0.51,0.03,41.25,3.84,0.117,59.33617025761404,True,False,False,True,False,False,PG1522+101,19.539698870759942
3,3,0.64658,2004.04,0.41,2771.82,0.34,-22.1,0.07,10.97,0.48,0.13,0.03,0.46,0.02,-49.92,2.27,0.088,62.612892497346095,True,False,False,True,False,False,PG1522+101,20.368761169372508
4,4,0.65302,2533.3,0.16,3182.77,0.21,-23.78,0.18,14.81,2.19,1.17,0.13,0.77,0.03,-6.08,5.31,0.078,39.64611114697372,True,False,False,True,False,False,PG1522+101,47.59443121696647
5,5,0.37579,1904.21,0.24,3123.8,0.08,-22.13,0.03,6.94,0.33,0.53,0.05,0.34,0.01,74.09,1.33,0.086,70.12312592992117,True,False,False,True,False,False,PG1522+101,26.92315767187165
6,6,0.61729,2170.39,0.05,3530.7,0.11,-22.01,0.04,4.52,0.23,0.76,0.05,0.48,0.01,17.4,1.99,0.077,61.31459798588108,True,False,False,True,False,False,PG1522+101,21.583979016954093
0,0,0.1363294422626495,2032.15,0.02,2544.58,0.02,-25.61,0.03,6.55,0.19,1.41,0.04,0.71,0.01,33.8,1.39,0.864,44.76508467132842,True,True,False,True,False,False,PG1206+459,55.10687547060518
1,1,0.206727996468544,2120.92,0.02,2242.17,0.01,-25.81,0.01,8.68,0.12,1.29,0.01,0.54,0.0,-63.75,0.35,0.221,57.31636115374206,True,False,False,True,False,False,PG1206+459,3.253816096998833
2,2,0.2147,2345.13,0.11,2461.21,0.12,-25.91,1.01,46.46,40.39,2.48,0.66,0.91,0.05,-27.57,17.66,0.257,24.49464847141968,True,False,False,True,False,False,PG1206+459,63.870810493664216
3,3,0.415,1775.95,1.31,2189.45,0.99,-21.02,0.69,2.79,1.41,0.13,0.44,0.74,0.47,57.76,73.52,3.944,42.26858442957247,False,False,False,False,False,False,PG1206+459,24.265114118338477
4,5,0.4275,2106.28,0.01,3251.47,0.0,-27.43,0.0,6.92,0.04,1.39,0.01,0.85,0.0,-58.13,0.61,0.788,31.78833061705162,True,False,False,True,False,False,PG1206+459,9.06136479466951
5,6,0.9273,2098.43,0.02,3825.9,0.05,-25.98,0.01,18.98,0.15,0.83,0.01,0.21,0.0,24.96,0.09,0.135,77.87764775521089,False,True,False,True,False,False,PG1206+459,31.612072957815098
0,1728,0.01521,1167.27,0.05,679.56,0.04,16.25,0.01,4.81,0.11,0.6,0.07,0.5,0.02,-49.47,1.76,1.11,59.99999999999999,True,False,True,True,True,False,J1342-0053,76.0494337586005
1,1729,0.0711411,1663.52,0.0,1061.76,0.0,12.61,0.0,6.22,0.03,2.36,0.01,0.7,0.0,-14.87,0.25,0.875,45.5729959991943,True,True,False,True,True,False,J1342-0053,48.01748140469366
2,1731,0.11492,818.03,0.04,1547.88,0.01,14.5,0.0,10.91,0.05,0.37,0.01,0.23,0.0,70.57,0.13,1.138,76.70292825279094,True,True,False,True,False,False,J1342-0053,87.43322593728544
3,1734,0.1781654,1026.11,0.11,1258.15,0.05,16.12,0.02,7.01,0.22,0.96,0.09,0.21,0.01,63.78,0.81,1.144,77.87764775521089,True,False,False,True,False,False,J1342-0053,65.26608217951834
4,1742,0.3102577,1709.92,0.08,637.75,0.09,16.95,0.04,2.59,0.22,2.04,0.65,0.4,0.07,11.67,4.34,1.288,66.42182152179817,True,False,False,False,False,False,J1342-0053,88.69215074673855
5,1746,0.3918698,1669.7,0.06,658.38,0.08,17.43,0.03,1.64,0.29,0.61,0.87,0.39,0.15,-30.91,8.36,1.373,67.04550059860719,True,False,False,False,False,False,J1342-0053,49.44730785667992
6,1747,0.393059,1475.75,0.11,996.13,0.11,17.14,0.04,2.96,0.22,1.22,0.29,0.91,0.08,-64.19,34.93,1.116,24.49464847141968,True,False,False,False,False,False,J1342-0053,46.66546921923783
7,1748,0.4203496,1737.03,0.11,1142.77,0.07,16.71,0.03,4.17,0.19,1.07,0.15,0.47,0.03,-87.95,2.88,1.101,61.96570346511873,True,False,False,True,False,False,J1342-0053,56.69324720912757
8,1753,0.5023,1381.18,0.05,1050.08,0.05,16.64,0.02,2.83,0.1,0.81,0.16,0.41,0.04,0.7,2.41,1.08,65.79516519854168,True,False,True,False,True,False,J1342-0053,45.03901615203477
0,2273,0.05882,4398.18,0.12,2764.32,0.1,16.21,0.05,7.8,0.55,1.62,0.22,0.72,0.04,54.46,5.66,1.105,43.945519562308846,True,False,False,True,True,False,J2345-0059,32.86605630013839
1,2274,0.0805037647687449,3463.41,0.19,1103.99,0.26,15.03,0.12,16.48,0.4,0.69,0.05,0.58,0.03,-16.92,1.23,0.511,54.54945736082459,False,True,True,True,True,True,J2345-0059,50.78660038293901
2,2288,0.4106416145082349,2841.31,0.02,1237.17,0.02,13.13,0.01,18.14,0.23,1.85,0.02,0.71,0.0,53.59,0.45,0.79,44.76508467132842,True,True,False,True,True,False,J2345-0059,26.714127195372864
3,2290,0.4544839491889329,3384.77,0.01,2638.12,0.01,16.9,0.04,0.97,0.17,9.06,0.01,0.74,0.0,43.0,0.0,1.475,42.26858442957247,False,False,False,False,True,True,J2345-0059,5.389949679883943
0,358,0.0576563,2260.13,0.14,2795.51,0.18,16.61,0.03,5.49,0.28,0.73,0.13,0.74,0.04,11.05,7.51,1.147,42.26858442957247,True,False,False,True,False,False,J0914+2823,41.36484210643618
1,368,0.2282073,4138.64,0.02,1790.4,0.01,12.67,0.0,13.22,0.07,1.43,0.01,0.49,0.0,-73.1,0.17,0.972,60.65941842497627,True,True,False,True,False,False,J0914+2823,46.799520069077225
2,374,0.2895963,4137.92,0.16,3060.97,0.07,16.11,0.02,8.4,0.22,0.56,0.07,0.27,0.01,-70.11,0.95,1.154,74.33573314862649,True,False,False,True,False,False,J0914+2823,73.43501822576776
3,376,0.3083012,2238.89,0.31,2004.98,0.11,15.9,0.03,14.85,0.5,0.38,0.06,0.22,0.01,-77.78,0.77,1.099,77.29096700560457,True,False,False,True,False,False,J0914+2823,83.46947177014259
4,377,0.3111439,2631.39,0.1,1452.03,0.11,16.03,0.2,14.2,5.37,4.56,1.25,0.37,0.04,-42.75,2.56,1.133,68.28438271673555,False,False,True,True,False,False,J0914+2823,76.5769220754965
5,411,0.5993769,2847.18,0.08,2845.48,0.11,15.27,0.01,12.85,0.16,0.47,0.03,0.24,0.0,35.19,0.35,1.065,76.11345963737101,True,False,False,True,False,False,J0914+2823,80.33808880228756
6,414,0.6008387,3299.98,0.09,3039.82,0.15,15.94,0.01,9.22,0.16,0.17,0.03,0.5,0.01,-0.66,1.18,1.089,60.00000000000001,False,False,True,True,False,False,J0914+2823,76.09459922681376
7,415,0.6317785,2723.1,0.06,2733.56,0.04,15.13,0.01,7.78,0.13,0.98,0.04,0.59,0.01,-66.11,1.13,1.042,53.84299179900117,True,False,False,True,False,False,J0914+2823,17.682157748137172
8,421,0.6478769,2758.05,0.1,2807.07,0.08,15.31,0.03,10.6,0.38,1.27,0.06,0.68,0.02,-64.26,2.4,1.037,47.15635695640366,True,False,False,True,False,False,J0914+2823,8.846042603262028
0,2227,0.1572225116094066,1002.46,0.03,812.16,0.02,15.63,0.01,2.09,0.08,2.68,0.34,0.28,0.03,49.88,1.43,1.384,73.73979529168804,True,False,False,False,False,False,J1555+3628,21.330486492479302
1,2232,0.2349345697583642,1485.85,0.11,853.73,0.15,16.03,0.02,6.22,0.23,0.68,0.08,0.65,0.02,-11.91,3.47,1.108,49.45839812649548,True,False,False,True,False,False,J1555+3628,79.60908818244623
2,2234,0.3642559901512221,1453.9,0.02,905.88,0.02,15.36,0.01,0.83,0.06,2.06,0.45,0.74,0.06,-22.66,7.39,1.311,42.26858442957247,True,False,False,False,True,False,J1555+3628,79.73261540806679
3,2239,0.4333783777287409,1938.21,0.04,771.34,0.04,15.2,0.01,4.23,0.06,0.61,0.04,0.79,0.01,-79.37,2.66,1.091,37.81448850601414,True,False,False,True,False,False,J1555+3628,44.84745604598631
4,2241,0.46316,1854.89,0.01,1215.48,0.01,11.48,0.23,304.61,199.65,20.0,2.55,0.56,0.01,80.14,0.64,3.761,55.94420225743209,False,True,False,True,True,True,J1555+3628,59.45648531922139
5,2244,0.4733472465378844,1674.87,0.02,1592.87,0.02,15.04,0.02,3.28,0.09,3.71,0.28,0.44,0.02,-62.96,1.2,1.082,63.8961188626601,True,False,False,True,False,False,J1555+3628,46.62696206219391
0,682,0.07317,3018.05,0.01,3183.57,0.05,13.11,0.01,15.5,0.13,1.76,0.01,0.41,0.0,8.77,0.16,0.556,65.79516519854168,True,False,False,True,False,True,J1001+5944,80.38729248257015
1,686,0.1503949,2941.04,0.11,2768.71,0.07,15.53,0.02,13.03,0.31,1.04,0.05,0.5,0.01,58.84,1.11,1.0,59.99999999999999,True,False,False,True,False,False,J1001+5944,40.62503538774909
2,689,0.23782,2899.69,0.24,2296.07,0.31,17.28,0.03,7.32,0.49,0.45,0.17,0.69,0.06,24.52,8.23,1.094,46.369891132145696,True,False,False,True,False,False,J1001+5944,13.004896432994286
3,698,0.282418,2279.96,0.02,1931.36,0.02,13.48,0.02,10.44,0.35,3.33,0.11,0.78,0.01,-71.73,2.66,2.293,38.73942459785565,False,False,True,True,False,True,J1001+5944,76.68570977044729
4,699,0.282726,3100.62,0.08,3256.82,0.05,15.45,0.01,10.31,0.17,1.23,0.06,0.45,0.01,63.77,0.89,1.033,63.256316049597,True,False,False,True,False,False,J1001+5944,20.098516774787456
5,700,0.2828567,3730.87,0.33,1601.8,0.15,16.32,0.03,12.37,0.53,0.76,0.14,0.22,0.03,88.07,1.39,2.2,77.29096700560457,True,False,False,True,False,False,J1001+5944,44.968416557377765
6,701,0.303086,3165.26,0.1,2414.24,0.06,14.88,0.01,9.74,0.18,0.95,0.07,0.32,0.01,80.69,0.79,4.703,71.33707511505752,True,False,False,True,False,False,J1001+5944,67.81073076307477
7,702,0.3038205,3018.61,0.15,2488.36,0.06,14.32,0.04,14.74,0.06,0.24,0.01,0.44,0.0,76.1,0.62,0.984,63.8961188626601,False,False,True,True,False,True,J1001+5944,7.490916668566562
8,703,0.3039815,3705.67,0.13,2379.73,0.14,15.23,0.14,29.18,5.13,2.44,0.33,0.56,0.02,-44.27,1.84,1.019,55.94420225743209,True,False,True,True,False,False,J1001+5944,44.42229958378799
9,705,0.3050435,3765.73,0.01,1745.24,0.02,13.18,0.0,11.66,0.05,1.54,0.01,0.53,0.0,3.78,0.2,1.231,57.99454517223575,False,True,False,True,False,True,J1001+5944,43.571684039191126
10,706,0.3053359,3745.45,0.05,1546.12,0.08,15.93,0.01,5.16,0.11,1.18,0.16,0.31,0.03,-0.11,1.42,1.313,71.94076950921645,True,False,False,True,False,False,J1001+5944,48.25964970102834
11,715,0.3740997,3298.97,0.02,2655.39,0.02,14.34,0.03,4.76,0.31,8.84,1.38,0.58,0.01,1.0,1.81,0.941,54.54945736082459,True,False,False,True,False,True,J1001+5944,42.46805070674965
12,717,0.3742629,3481.28,0.1,2709.06,0.12,15.59,0.52,40.58,53.57,10.68,5.61,0.46,0.04,37.19,3.06,1.095,62.612892497346095,True,False,True,True,False,False,J1001+5944,2.3088146420851583
13,723,0.4097089,2917.26,0.1,2606.81,0.09,16.28,0.01,5.53,0.17,0.71,0.12,0.75,0.03,-78.41,5.13,1.07,41.40962210927086,True,False,False,True,False,False,J1001+5944,9.640276342457677
14,724,0.4156584,3517.51,0.09,2861.42,0.09,15.31,0.03,11.08,0.46,1.59,0.1,0.91,0.02,-7.61,7.95,0.967,24.49464847141968,True,False,False,True,False,False,J1001+5944,51.01156292785701
15,738,0.5308677,2858.85,0.16,3320.96,0.22,16.22,0.03,10.86,0.4,0.81,0.09,0.68,0.02,-0.83,3.47,1.073,47.15635695640366,True,False,False,True,False,False,J1001+5944,80.28986261207521
16,745,0.583836,3002.89,0.09,1422.16,0.15,16.5,0.02,8.07,0.28,0.99,0.17,0.29,0.03,24.78,1.52,1.048,73.14204397750285,True,False,False,True,False,False,J1001+5944,65.02162883350678
17,746,0.5939835,3019.93,0.12,2819.73,0.14,16.89,0.09,3.4,0.51,4.29,2.28,0.54,0.1,30.4,8.08,1.111,57.31636115374206,True,False,False,True,False,False,J1001+5944,57.820065089979295
0,950,0.074396,2744.54,0.1,2580.82,0.13,15.2,0.02,12.95,0.21,0.58,0.04,0.65,0.01,37.95,1.7,0.99,49.45839812649548,False,False,True,True,False,False,J1022+0132,87.5128772951385
1,951,0.138072,3361.84,0.03,2111.88,0.02,12.69,0.01,17.83,0.1,1.24,0.01,0.5,0.0,-72.57,0.18,0.434,59.99999999999999,True,True,True,True,True,False,J1022+0132,45.03819325764808
2,957,0.270907,1916.43,0.05,1336.4,0.07,13.61,0.01,15.86,0.13,0.98,0.02,0.29,0.0,40.18,0.31,0.971,73.14204397750285,True,False,True,True,False,False,J1022+0132,2.732744839971349
3,962,0.30636,2481.58,0.13,1165.7,0.21,16.16,0.16,10.88,2.61,2.72,0.69,0.54,0.04,-2.38,5.12,0.988,57.31636115374206,True,False,True,True,True,False,J1022+0132,69.36696778699422
4,963,0.30664,2485.41,0.05,1146.55,0.07,15.52,0.01,5.6,0.12,1.25,0.1,0.69,0.02,-14.47,3.16,0.98,46.369891132145696,True,False,True,True,True,False,J1022+0132,81.95534107998024
5,964,0.313184,2961.07,0.09,3464.07,0.12,15.91,0.06,9.63,0.92,2.65,0.42,0.25,0.03,-37.9,1.43,1.065,75.52248781407008,True,False,False,True,False,False,J1022+0132,51.64535136157819
6,968,0.3391882,2620.13,0.16,1814.33,0.11,15.76,0.01,9.7,0.22,0.51,0.06,0.56,0.02,-71.98,1.88,1.032,55.94420225743209,True,False,False,True,False,False,J1022+0132,52.92391461779115
7,973,0.3901778,3418.47,0.19,3122.9,0.23,17.34,0.04,3.66,0.46,0.07,2.15,0.6,0.14,-7.48,14.01,1.117,53.13010235415599,True,False,False,True,False,False,J1022+0132,68.42347018996254
8,980,0.4226696,3313.66,0.08,3233.76,0.08,16.14,0.01,5.1,0.18,0.61,0.13,0.64,0.03,-48.15,3.88,1.076,50.20818050044277,True,False,False,True,False,False,J1022+0132,62.36967722775681
9,985,0.4787481,3607.93,0.2,1766.5,0.18,15.73,0.26,15.04,5.74,3.29,1.15,0.79,0.06,75.31,9.41,1.036,37.81448850601414,False,False,True,True,True,False,J1022+0132,63.93891044410082
10,987,0.47903,3710.77,0.05,2299.4,0.05,15.93,0.02,2.73,0.14,1.99,0.54,0.54,0.05,-65.93,4.33,1.094,57.31636115374206,True,False,False,False,False,False,J1022+0132,64.64272692591142
11,996,0.5340769,3205.92,0.23,3160.84,0.21,17.16,0.05,5.36,0.54,0.83,0.4,0.72,0.1,52.13,14.24,1.09,43.945519562308846,True,False,False,True,False,False,J1022+0132,22.278295166740183
12,999,0.5381302,2667.56,0.06,1508.16,0.05,15.19,0.01,8.29,0.19,1.32,0.08,0.44,0.01,55.05,1.12,1.011,63.8961188626601,True,False,False,True,False,False,J1022+0132,14.414832326019823
13,1001,0.57765,2132.28,0.16,2387.97,0.28,15.55,0.02,16.65,0.39,0.48,0.05,0.44,0.01,-29.7,1.21,0.97,63.8961188626601,True,False,False,True,False,False,J1022+0132,24.793559107133355
14,1003,0.5975848,2982.93,0.08,2809.25,0.09,15.83,0.09,7.28,1.06,3.33,0.73,0.52,0.04,43.57,3.35,1.07,58.667748502405736,True,False,False,True,False,False,J1022+0132,44.94915973178492
15,1004,0.6065352,3691.12,0.08,1963.4,0.1,15.43,0.02,9.21,0.15,0.47,0.04,0.88,0.02,-8.94,7.25,0.946,28.35763657632798,True,False,True,True,True,False,J1022+0132,17.125178418745733
16,1005,0.6068418,3701.97,0.09,1982.0,0.08,16.31,0.05,4.48,0.23,1.53,0.35,0.85,0.06,47.85,17.97,0.949,31.78833061705162,True,False,True,True,True,False,J1022+0132,72.38537484928315
0,1668,0.1464991,1403.13,0.01,1016.28,0.02,12.91,0.0,8.23,0.05,1.12,0.01,0.79,0.0,-23.51,0.74,1.904,37.81448850601414,True,True,False,True,False,False,J1241+5721,79.56906735373046
1,1669,0.1472093,1317.96,0.05,1430.12,0.01,12.45,0.04,5.57,0.69,0.05,0.02,0.05,0.01,81.63,0.36,18.178,87.13401601740114,False,False,False,True,True,False,J1241+5721,60.60339696256915
2,1672,0.1980132,1638.37,0.1,770.63,0.07,16.93,0.06,2.26,0.35,0.06,2.78,0.25,0.17,-78.57,7.44,1.124,75.52248781407008,True,False,False,False,False,False,J1241+5721,1.695776142726593
3,1673,0.2047646,1911.82,0.02,616.2,0.03,14.61,0.01,2.97,0.06,1.15,0.11,0.06,0.01,81.43,0.58,1.656,86.56018723248481,False,False,False,False,True,False,J1241+5721,38.007901667173
4,1693,0.4568807,2068.65,0.04,1139.23,0.04,14.35,0.01,9.26,0.11,0.85,0.03,0.41,0.01,-43.84,0.5,1.389,65.79516519854168,True,True,False,True,False,False,J1241+5721,32.1686441177752
5,1695,0.4580118,1820.67,12.53,1402.17,10.49,16.53,696.26,4.69,5937.24,0.02,100.22,0.04,21.7,48.26,1587.19,1.147,87.70755722404411,False,False,True,True,True,False,J1241+5721,17.447889700295274
6,1698,0.4711404,1672.92,0.02,1789.58,0.02,14.63,0.01,4.67,0.06,1.92,0.09,0.4,0.01,-57.25,0.68,1.102,66.42182152179817,True,True,False,True,False,False,J1241+5721,44.76431590503443
7,1707,0.583482,1551.61,0.07,1277.79,0.06,15.55,0.36,2.01,1.08,13.94,13.61,0.4,0.07,-20.17,4.7,1.074,66.42182152179817,True,False,True,False,False,False,J1241+5721,60.50648944948788
0,256,0.285246,2570.57,0.13,1563.14,0.08,16.57,0.02,5.09,0.2,0.72,0.17,0.31,0.04,-78.98,2.12,1.094,71.94076950921645,True,False,False,True,False,False,J0843+4117,47.07348380621356
1,257,0.28566,3838.65,0.05,1739.24,0.03,13.42,0.01,18.01,0.1,0.85,0.01,0.46,0.0,75.38,0.22,0.749,62.612892497346095,True,True,False,True,False,False,J0843+4117,67.03037780953164
2,260,0.2984653,3526.76,0.09,2393.01,0.06,14.94,0.02,16.01,0.29,1.3,0.05,0.18,0.0,-59.02,0.31,0.994,79.63024019452257,True,False,False,True,False,False,J0843+4117,71.33848075250904
3,261,0.29873,2228.21,0.08,1777.06,0.07,13.4,0.2,38.51,9.12,2.86,0.33,0.81,0.02,60.61,3.2,0.965,35.90406858331717,False,True,False,True,False,False,J0843+4117,29.8104851170283
4,263,0.3041141,2411.32,0.12,3253.88,0.16,17.18,0.03,3.28,0.24,0.95,0.57,0.29,0.12,4.59,4.9,1.117,73.14204397750285,True,False,False,True,False,False,J0843+4117,58.39564040459129
5,276,0.45519,3080.66,0.09,1771.28,0.15,14.9,0.02,14.72,0.24,0.73,0.03,0.52,0.01,7.89,0.97,0.914,58.667748502405736,True,False,False,True,False,False,J0843+4117,79.14335432584147
6,282,0.4681429,3843.69,0.13,1995.74,0.14,16.07,0.02,7.16,0.23,0.73,0.08,0.87,0.03,-28.86,9.77,1.075,29.541360500142797,False,True,False,True,False,False,J0843+4117,6.281469669045976
7,283,0.4788563,3324.28,0.2,2916.25,0.1,14.27,0.02,25.66,0.38,0.61,0.02,0.48,0.0,-63.48,0.6,0.747,61.31459798588108,False,False,True,True,False,False,J0843+4117,45.89369164386149
8,284,0.4795431,2772.76,0.1,3353.31,0.08,16.53,0.03,4.51,0.23,1.45,0.26,0.43,0.04,52.06,3.14,1.125,64.53243985752763,True,False,False,True,False,False,J0843+4117,55.62705070732501
9,287,0.5323377,3217.28,0.07,2422.24,0.05,15.86,0.01,5.36,0.1,0.22,0.05,0.5,0.02,76.25,1.4,1.114,59.99999999999999,True,False,False,True,False,False,J0843+4117,28.38294116749959
10,290,0.5409919,3181.42,0.06,2167.03,0.07,16.54,0.02,2.27,0.17,1.77,0.62,0.66,0.07,24.22,8.12,1.086,48.70012720829413,True,False,False,False,False,False,J0843+4117,85.64970293600108
11,298,0.5756506,3277.82,0.14,3055.78,0.1,15.89,0.03,8.15,0.24,1.0,0.09,0.62,0.02,85.1,2.66,1.071,51.68386552633426,False,True,False,True,False,False,J0843+4117,7.779324357793779
12,300,0.5786189,2645.84,0.03,1695.75,0.03,14.04,0.02,11.42,0.37,2.39,0.08,0.78,0.01,-85.22,1.49,0.875,38.73942459785565,True,True,False,True,False,False,J0843+4117,42.126209281450784
13,303,0.5820875,2481.8,0.05,1876.23,0.04,15.21,0.01,5.25,0.09,0.94,0.05,0.85,0.01,-70.12,3.95,1.083,31.78833061705162,True,False,False,True,False,False,J0843+4117,75.69859065358844
0,1089,0.2598268,2273.64,0.04,2539.97,0.03,15.04,0.01,4.45,0.08,2.01,0.12,0.78,0.02,67.86,3.13,1.15,38.73942459785565,True,False,False,True,False,False,J1059+1441,83.60280283734586
1,1090,0.2603234,2301.42,0.02,2466.83,0.02,13.2,0.02,23.81,0.43,2.1,0.03,0.4,0.0,-39.38,0.19,0.515,66.42182152179817,True,True,False,True,False,False,J1059+1441,28.00679358982928
2,1091,0.3278508,2210.93,0.08,2304.6,0.12,15.76,0.01,7.02,0.2,0.53,0.1,0.43,0.02,29.82,1.74,2.016,64.53243985752763,True,False,False,True,False,False,J1059+1441,29.84966352829115
3,1095,0.4448512,4059.54,0.15,1763.0,0.2,16.04,0.18,14.94,3.76,2.7,0.62,0.6,0.04,13.35,4.1,1.043,53.13010235415599,True,False,False,True,False,False,J1059+1441,43.03497883718707
4,1103,0.5762155,3585.57,0.03,3079.22,0.04,15.32,0.01,4.86,0.07,0.68,0.05,0.79,0.01,-28.77,2.61,1.024,37.81448850601414,True,False,False,True,False,False,J1059+1441,87.25147845849997
5,1105,0.5774577,2838.27,0.2,2384.2,0.1,16.22,0.02,10.16,0.27,0.67,0.08,0.36,0.02,-72.79,1.31,1.01,68.89980397590698,True,False,False,True,False,False,J1059+1441,56.38672703245649
6,1108,0.6349522,2650.72,0.13,1912.47,0.08,15.99,0.01,8.45,0.18,0.73,0.07,0.44,0.02,81.08,1.31,1.044,63.8961188626601,True,False,False,True,False,False,J1059+1441,40.63867750845813
0,6,0.2928785,2123.84,0.22,3063.63,0.17,17.13,0.03,5.08,5.18,0.06,0.73,0.46,0.11,70.41,5.61,1.133,62.612892497346095,True,False,False,True,False,False,J0226+0015,65.63321373588074
1,7,0.29762,2167.89,0.15,2118.53,0.1,16.31,0.01,6.73,0.21,0.59,0.13,0.43,0.03,82.29,2.11,1.095,64.53243985752763,True,False,False,True,False,False,J0226+0015,75.96988811944985
2,11,0.334506,3866.47,0.11,2471.71,0.16,16.72,0.03,6.34,0.29,1.01,0.24,0.3,0.05,37.6,2.59,1.106,72.5423968762779,True,False,False,True,False,False,J0226+0015,20.74748746154977
3,14,0.3494243,3101.92,0.07,2724.47,0.05,15.24,0.02,8.57,0.19,1.75,0.08,0.47,0.01,73.25,1.14,1.039,61.96570346511873,True,False,False,True,False,False,J0226+0015,6.325485237226496
4,17,0.3618539,3465.55,0.08,1776.3,0.06,15.9,0.03,5.96,0.29,2.42,0.33,0.43,0.03,-69.04,2.07,1.095,64.53243985752763,True,False,False,True,False,False,J0226+0015,25.50036538254617
5,29,0.5070571,3404.01,0.2,2884.78,0.22,17.04,0.03,5.19,0.36,0.33,0.19,0.85,0.06,34.94,18.9,1.098,31.78833061705162,True,False,False,True,False,False,J0226+0015,24.56736049255873
6,33,0.5590382,3182.94,0.22,1416.5,0.17,17.0,0.05,5.29,0.43,1.6,0.59,0.41,0.08,-85.47,5.02,1.128,65.79516519854168,True,False,False,True,False,False,J0226+0015,7.910636701579514
7,48,0.6141225,3346.53,0.06,1712.33,0.04,14.34,0.02,14.38,0.26,1.44,0.04,0.65,0.01,-66.55,0.95,0.982,49.45839812649548,True,False,False,True,False,False,J0226+0015,10.728401091413652
8,56,0.6193318,3663.41,0.06,2336.73,0.08,15.21,0.01,8.39,0.14,0.91,0.05,0.68,0.01,4.56,1.71,1.048,47.15635695640366,True,False,False,True,False,False,J0226+0015,6.247619376154498
0,1134,0.1187836,2803.12,0.02,3100.35,0.01,13.72,0.0,13.4,0.05,1.08,0.01,0.29,0.0,71.78,0.1,0.839,73.14204397750285,True,True,False,True,True,False,J1059+2517,44.77223560539402
1,1135,0.1196036,2880.42,0.06,4388.16,0.05,15.75,0.01,5.49,0.1,0.76,0.05,0.78,0.02,-74.33,3.05,1.216,38.73942459785565,True,False,False,True,False,False,J1059+2517,32.69329735541591
2,1137,0.214356,3609.5,0.0,3534.44,0.0,10.58,0.05,111.08,12.26,10.23,0.29,0.78,0.0,63.56,0.44,0.702,38.73942459785565,False,True,False,True,True,False,J1059+2517,35.67115338800938
3,1138,0.2146701,1768.46,0.02,1752.3,0.02,15.57,0.0,4.61,0.05,1.5,0.06,0.25,0.01,-39.83,0.39,1.067,75.52248781407008,True,False,False,True,False,False,J1059+2517,79.84508437850161
4,1146,0.276037,2124.09,0.07,3950.53,0.05,16.32,0.02,6.66,0.21,1.69,0.11,0.29,0.02,78.22,0.98,1.097,73.14204397750285,True,False,False,True,False,False,J1059+2517,28.02039993257367
5,1148,0.2761983,2290.49,0.04,3762.94,0.12,16.49,0.01,7.93,0.12,0.54,0.06,0.29,0.01,-12.85,0.92,1.075,73.14204397750285,True,False,True,True,True,False,J1059+2517,68.03542518846395
6,1154,0.3739654,3442.61,0.19,2189.77,0.16,16.84,0.03,11.23,0.54,1.02,0.13,0.16,0.01,-51.02,0.86,1.034,80.7931037786541,True,False,True,True,False,False,J1059+2517,15.704993531256395
7,1160,0.4490034,2242.5,0.23,3140.47,0.05,16.87,0.21,7.69,0.34,0.28,0.09,0.03,0.01,-68.65,0.86,1.271,88.2808686791222,False,False,False,True,False,False,J1059+2517,17.27252818823795
8,1169,0.5400396,2477.81,0.05,3926.04,0.02,14.72,0.0,12.59,0.09,0.83,0.02,0.34,0.0,83.47,0.24,1.055,70.12312592992117,True,True,False,True,False,False,J1059+2517,3.698752839184266
9,1174,0.5936934,2232.78,0.12,2504.28,0.17,16.93,0.04,6.5,0.37,0.95,0.17,0.46,0.03,-38.0,3.06,1.206,62.612892497346095,True,False,False,True,False,False,J1059+2517,77.69957091644154
0,1609,0.0795256,2310.83,0.05,1054.21,0.04,15.58,0.01,7.35,0.11,0.87,0.03,0.56,0.01,68.98,0.91,1.072,55.94420225743209,True,False,False,True,False,False,J1233-0031,80.48137253455025
1,1613,0.19375,2042.14,0.03,1722.42,0.02,13.65,0.01,8.52,0.04,1.29,0.01,0.65,0.0,-13.82,0.55,1.464,49.45839812649548,True,True,False,True,True,True,J1233-0031,66.60271486196494
2,1623,0.3183215,1664.84,0.1,1478.75,0.07,16.81,0.02,3.99,0.17,0.77,0.18,0.58,0.04,86.98,3.68,1.126,54.54945736082459,True,False,False,True,False,False,J1233-0031,2.2055180847328413
3,1625,0.3187429,1730.24,0.12,1240.7,0.11,17.12,0.03,3.72,0.23,0.55,0.19,0.91,0.06,-60.37,24.27,1.056,24.49464847141968,True,False,False,True,True,False,J1233-0031,88.81860014204445
4,1626,0.3189986,1723.24,0.04,1258.83,0.03,15.37,0.01,5.17,0.07,0.72,0.04,0.82,0.01,-71.97,2.82,1.251,34.91520624744419,True,False,True,True,False,False,J1233-0031,69.35018867418168
5,1627,0.3247705,1435.82,0.05,1455.71,0.05,16.06,0.01,3.92,0.08,1.03,0.1,0.71,0.02,4.15,3.35,1.097,44.76508467132842,True,False,False,True,False,False,J1233-0031,56.70562620958455
6,1629,0.347213,1733.7,0.03,649.39,0.04,16.06,0.01,3.04,0.1,2.15,0.26,0.24,0.03,-17.7,1.27,1.164,76.11345963737101,False,False,True,True,False,False,J1233-0031,62.33348251905036
7,1640,0.4221191,1292.47,0.04,1243.0,0.04,16.1,0.03,0.86,0.12,3.94,1.59,0.68,0.09,84.91,11.0,1.113,47.15635695640366,True,False,False,False,False,False,J1233-0031,86.54580445184332
8,1642,0.4296068,1381.45,0.06,1229.9,0.05,16.74,0.02,1.04,0.23,2.29,1.55,0.64,0.13,-52.39,13.46,1.413,50.20818050044277,True,False,False,False,False,False,J1233-0031,43.787329866989786
9,1643,0.4297402,1378.41,0.12,1333.15,0.07,16.67,0.02,4.73,0.17,0.57,0.12,0.1,0.05,-88.82,1.81,1.294,84.26082952273322,True,False,False,True,False,False,J1233-0031,60.165324829318976
10,1646,0.4726454,1595.87,0.04,1140.07,0.02,15.32,0.05,2.94,0.32,6.58,1.47,0.47,0.04,-4.14,3.12,1.033,61.96570346511873,True,True,False,False,True,True,J1233-0031,54.19848725886898
11,1648,0.5171056,1614.0,0.09,820.17,0.11,17.4,0.03,2.45,0.21,1.09,0.58,0.57,0.1,0.68,8.87,1.163,55.24977424631754,True,False,False,False,False,False,J1233-0031,85.53642921908681
12,1650,0.54032,1500.42,7.69,1502.95,6.48,16.73,296.24,0.01,8.89,4.91,1681.0,0.98,166.84,60.52,26016.0,1.624,11.47834095453358,False,False,True,False,False,False,J1233-0031,53.36019645068401
0,628,0.22892,1190.9,0.01,1187.9,0.01,13.06,0.01,9.63,0.16,3.44,0.05,0.62,0.0,-60.86,0.43,1.183,51.68386552633426,False,True,False,True,False,False,J0943+0531,68.1831629981467
1,640,0.3205896,1684.04,0.03,1828.54,0.04,15.4,0.03,3.7,0.19,3.3,0.26,0.7,0.03,6.04,3.31,1.09,45.5729959991943,True,False,True,True,False,False,J0943+0531,66.66194477465322
2,642,0.34987,1512.09,0.03,576.51,0.03,14.69,0.01,5.62,0.06,0.67,0.02,0.81,0.01,-17.74,1.81,1.061,35.90406858331717,True,False,False,True,False,False,J0943+0531,70.91114328610219
3,646,0.3546021,1515.03,0.15,1082.73,0.14,16.84,0.03,5.3,0.3,0.62,0.13,0.59,0.04,-47.21,4.55,1.125,53.84299179900117,True,False,False,True,False,False,J0943+0531,35.58621133734054
4,650,0.4452019,1766.13,0.09,1520.85,0.11,17.38,0.03,2.24,0.22,0.8,0.38,0.64,0.09,-27.57,10.83,1.13,50.20818050044277,True,False,False,False,False,False,J0943+0531,75.03940950532693
5,653,0.54846,1240.59,0.03,1579.56,0.03,15.25,0.01,3.83,0.07,1.12,0.04,0.93,0.02,-30.12,9.19,1.099,21.56518501524267,True,False,False,True,False,False,J0943+0531,23.860850670558797
6,654,0.5485639,1347.33,0.05,1179.64,0.07,15.66,0.01,5.26,0.1,0.55,0.04,0.6,0.01,-7.08,1.57,1.124,53.13010235415599,True,True,False,True,False,False,J0943+0531,24.736998914242424
7,658,0.5661881,1447.42,0.07,1220.39,0.06,16.94,0.02,2.54,0.16,1.02,0.35,0.43,0.06,49.77,4.08,1.152,64.53243985752763,True,False,False,False,False,False,J0943+0531,41.90340340729259
0,1403,0.06343,1728.82,0.06,1474.62,0.15,16.45,0.02,7.64,0.23,0.64,0.08,0.18,0.01,-23.36,0.77,1.321,79.63024019452257,True,False,False,True,False,False,J1133+0327,69.20959280706614
1,1409,0.218072,1609.61,0.04,670.88,0.04,15.93,0.13,3.21,0.9,8.43,2.44,0.71,0.05,77.32,6.38,1.129,44.76508467132842,True,False,False,True,False,False,J1133+0327,39.00171882310691
2,1411,0.2345118,1051.15,0.03,1184.72,0.04,16.19,0.05,2.18,0.16,4.06,0.79,0.73,0.05,34.0,6.47,1.152,43.11360594589871,True,False,False,False,False,False,J1133+0327,44.602118058229614
3,1412,0.2358933,998.43,0.0,1511.64,0.01,13.66,0.0,4.06,0.03,2.48,0.04,0.52,0.0,-41.81,0.28,1.292,58.667748502405736,True,True,True,True,False,False,J1133+0327,3.3117658862237924
4,1414,0.2361899,1069.74,0.01,992.21,0.0,10.34,0.08,398.62,70.62,12.74,0.44,0.5,0.0,50.58,0.19,0.469,59.99999999999999,False,True,False,True,True,False,J1133+0327,28.30352402330926
5,1417,0.2366906,1405.2,0.01,1088.27,0.01,11.66,0.02,33.96,1.23,4.72,0.07,0.75,0.0,-9.95,0.38,0.815,41.40962210927086,True,True,False,True,False,False,J1133+0327,50.96416023699175
6,1419,0.2368631,920.3,0.02,1627.75,0.01,14.59,0.0,4.94,0.03,0.74,0.01,0.59,0.0,74.55,0.43,1.148,53.84299179900117,True,True,False,True,False,False,J1133+0327,58.11498246393489
7,1420,0.2461474,1338.63,0.01,862.04,0.02,15.49,0.0,3.03,0.04,0.87,0.06,0.45,0.01,-29.18,0.78,1.139,63.256316049597,True,False,False,True,False,False,J1133+0327,71.24741384632907
8,1421,0.2463429,1665.28,0.02,904.23,0.04,14.96,0.01,8.0,0.08,0.82,0.02,0.26,0.0,-22.95,0.26,1.164,74.92993785511116,True,False,True,True,False,False,J1133+0327,15.035794915872312
9,1440,0.4161668,1977.7,0.07,1206.14,0.09,16.83,0.05,3.56,0.24,1.7,0.34,0.48,0.04,18.96,3.64,1.205,61.31459798588108,True,False,False,True,False,False,J1133+0327,10.856284716416736
10,1446,0.4526395,1087.13,0.04,1263.82,0.05,15.45,0.01,5.35,0.09,0.82,0.03,0.84,0.01,-32.37,3.58,1.083,32.85988037888911,True,False,False,True,False,False,J1133+0327,7.011952948880375
11,1448,0.46775,1283.69,0.07,666.9,0.06,17.01,0.02,2.54,0.15,0.87,0.3,0.45,0.06,57.9,4.03,1.668,63.256316049597,True,False,False,False,False,False,J1133+0327,19.37354496922878
12,1450,0.5019768,1403.6,0.09,729.1,0.08,17.37,0.08,2.83,0.31,2.16,0.87,0.45,0.08,-53.05,5.99,1.098,63.256316049597,False,False,True,False,True,False,J1133+0327,34.45209107032194
13,1451,0.52508,1244.89,0.01,857.9,0.01,14.32,0.03,6.92,0.42,5.07,0.23,0.81,0.01,-61.23,2.17,1.132,35.90406858331717,True,True,False,True,False,False,J1133+0327,56.96776743723908
14,1454,0.5285953,1710.41,0.05,1521.87,0.08,16.78,0.02,3.07,0.13,0.79,0.2,0.41,0.04,-19.57,2.52,1.499,65.79516519854168,True,False,False,True,False,False,J1133+0327,70.56104677047868
15,1456,0.5423549,1078.45,0.16,861.53,0.06,17.13,0.48,3.75,0.47,0.47,0.4,0.04,0.1,-49.85,2.79,1.148,87.70755722404411,False,False,False,True,False,False,J1133+0327,89.93535491390477
16,1457,0.54427,1410.28,0.06,1566.64,0.07,16.71,0.03,3.46,0.15,1.52,0.22,0.66,0.04,-30.37,5.16,1.123,48.70012720829413,True,False,False,True,False,False,J1133+0327,62.69592894942062
17,1458,0.5629825,1315.48,0.1,1364.85,0.07,15.72,0.01,10.37,0.25,0.99,0.05,0.24,0.01,56.58,0.54,1.085,76.11345963737101,True,False,False,True,False,False,J1133+0327,49.71012039461888
18,1459,0.5642698,1305.99,0.05,790.43,0.08,16.99,0.02,3.16,0.11,0.46,0.15,0.38,0.04,-21.22,2.28,1.118,67.6663173421947,True,False,False,True,False,False,J1133+0327,82.4236722938121
19,1461,0.56635,1058.74,0.09,937.32,0.05,16.19,0.02,5.41,0.12,0.44,0.07,0.29,0.01,-63.03,0.96,1.212,73.14204397750285,False,False,True,True,True,False,J1133+0327,87.57352623965559
20,1466,0.589944,1810.74,0.02,1327.37,0.05,15.08,0.02,6.77,0.08,0.86,0.02,0.4,0.0,-26.48,0.4,1.055,66.42182152179817,True,True,False,True,True,True,J1133+0327,52.3140025817421
21,1469,0.617933,1737.2,0.06,923.7,0.04,16.12,0.02,5.13,0.21,2.03,0.16,0.36,0.02,76.08,1.35,1.115,68.89980397590698,True,False,False,True,False,False,J1133+0327,74.4426262239091
22,1470,0.6183286,1520.84,0.04,755.29,0.04,16.09,0.01,3.62,0.07,0.36,0.04,0.91,0.02,-57.21,8.53,1.126,24.49464847141968,True,False,False,True,False,False,J1133+0327,12.662768647696774
0,1261,0.0798776,3284.39,0.05,2044.99,0.07,14.88,0.01,11.91,0.11,0.66,0.01,0.66,0.0,-15.46,0.76,0.975,48.70012720829413,True,False,False,True,False,False,J1112+3539,17.079510621806147
1,1265,0.1433139,3230.38,0.08,1084.61,0.11,11.19,0.05,35.91,0.78,0.59,0.02,0.73,0.0,-0.97,0.49,0.223,43.11360594589871,True,True,False,True,True,True,J1112+3539,77.18066358490634
2,1270,0.1890559,1845.71,0.04,2652.77,0.04,16.28,0.01,5.61,0.08,0.73,0.01,0.93,0.01,-20.97,6.51,1.084,21.56518501524267,True,False,False,True,False,False,J1112+3539,0.8244453047288236
3,1274,0.26888,3262.37,0.13,1791.64,0.11,16.57,0.02,7.93,0.19,0.63,0.03,0.86,0.02,-49.32,7.78,1.071,30.68341710897582,True,False,False,True,False,False,J1112+3539,8.955759638621666
4,1280,0.3621253,2781.64,0.03,2770.08,0.05,13.79,0.01,16.04,0.09,0.74,0.01,0.72,0.0,26.59,0.57,0.8,43.945519562308846,True,True,False,True,False,False,J1112+3539,84.56494486810259
5,1281,0.3717627,2340.33,0.12,2576.29,0.06,15.89,0.01,10.76,0.17,0.53,0.02,0.47,0.01,70.2,0.72,1.058,61.96570346511873,True,False,False,True,False,False,J1112+3539,81.94008306044562
6,1282,0.3727954,3993.52,0.11,2872.35,0.05,16.12,0.01,9.83,0.17,0.63,0.02,0.43,0.01,63.91,0.69,1.061,64.53243985752763,True,False,False,True,False,False,J1112+3539,31.4327346194928
7,1297,0.4457131,2803.78,0.09,1673.85,0.07,16.47,0.02,6.21,0.16,0.76,0.03,0.82,0.01,-80.97,4.09,1.099,34.91520624744419,True,False,False,True,False,False,J1112+3539,27.38739349008547
8,1299,0.4474667,3771.57,0.21,3060.72,0.11,15.83,0.04,17.6,0.65,0.9,0.03,0.42,0.01,-61.68,0.96,1.015,65.16541251029841,True,False,False,True,False,False,J1112+3539,71.70685319571864
9,1309,0.4501607,3930.71,0.3,2600.43,0.16,16.38,0.05,14.25,0.73,0.8,0.05,0.51,0.01,78.25,1.94,1.105,59.33617025761404,True,False,False,True,False,False,J1112+3539,56.93861947418559
10,1311,0.4506317,3504.06,0.13,3047.87,0.1,15.0,0.01,14.34,0.17,0.58,0.01,0.82,0.01,78.57,2.33,0.887,34.91520624744419,True,True,False,True,False,False,J1112+3539,20.85296037509592
11,1316,0.4633018,3173.98,0.13,3043.52,0.17,15.92,0.05,13.15,0.6,0.98,0.04,0.77,0.02,-16.41,3.83,1.03,39.64611114697372,True,False,False,True,False,False,J1112+3539,86.42291686085382
12,1319,0.5127125,2584.43,0.17,2420.13,0.13,16.41,0.03,11.02,0.35,0.67,0.04,0.54,0.01,-52.49,1.64,1.062,57.31636115374206,True,False,False,True,False,False,J1112+3539,27.71322844170154
13,1325,0.5813465,2798.11,0.04,2966.79,0.04,15.83,0.01,5.63,0.07,0.69,0.01,0.95,0.01,74.03,8.44,1.084,18.194872338766785,True,False,False,True,False,False,J1112+3539,30.58457630751378
14,1326,0.6150562,2353.96,0.14,1953.71,0.23,16.71,0.02,11.4,0.35,0.52,0.03,0.38,0.01,-31.48,1.02,1.091,67.6663173421947,True,False,False,True,False,False,J1112+3539,55.22269013602725
15,1329,0.626135,2331.21,0.15,2757.25,0.26,16.71,0.02,10.19,0.31,0.47,0.03,0.56,0.01,10.32,2.01,1.096,55.94420225743209,True,False,False,True,False,False,J1112+3539,48.846528554819
16,1332,0.635414,2897.65,0.03,2137.22,0.03,14.75,0.01,8.92,0.09,1.06,0.01,0.92,0.01,-23.6,3.45,0.987,23.07391806563097,True,True,False,True,False,False,J1112+3539,69.89617797057339
17,1334,0.6357428,3467.73,0.18,2297.84,0.15,16.62,0.04,11.18,0.49,0.8,0.05,0.49,0.01,-50.63,1.68,1.112,60.65941842497627,True,False,False,True,False,False,J1112+3539,58.32482363856276
18,1335,0.6359168,2487.95,0.06,2299.77,0.08,14.86,0.01,15.42,0.16,0.75,0.01,0.52,0.0,37.0,0.54,0.929,58.667748502405736,True,False,False,True,False,False,J1112+3539,44.56104605191005
19,1336,0.6359622,2985.02,0.03,2390.23,0.02,15.43,0.01,5.43,0.05,0.78,0.01,0.83,0.01,82.32,1.6,1.068,33.901261996866275,True,False,False,True,False,False,J1112+3539,9.275098802252243
20,1338,0.6464481,2479.65,0.23,1489.91,0.18,16.39,0.06,11.72,0.7,0.93,0.05,0.79,0.03,-71.8,6.28,1.058,37.81448850601414,True,False,False,True,False,False,J1112+3539,52.64165917447852
0,499,0.0999556,3920.84,0.09,2438.28,0.13,16.52,0.03,6.33,0.28,1.71,0.27,0.35,0.04,-23.07,2.21,1.119,69.51268488527734,True,False,False,True,False,False,J0935+0204,36.98564959627868
1,503,0.1317661,1551.46,0.06,2558.39,0.05,16.13,0.01,4.77,0.16,1.39,0.2,0.41,0.03,51.56,2.02,1.141,65.79516519854168,True,False,False,True,False,False,J0935+0204,64.92579800819634
2,508,0.2085924,2814.38,0.09,1020.21,0.09,16.58,0.03,3.9,0.25,1.93,0.58,0.66,0.06,44.37,7.38,1.31,48.70012720829413,True,False,False,True,False,False,J0935+0204,36.38443568718593
3,510,0.22557,3728.72,0.09,3011.99,0.14,14.37,0.05,36.13,1.95,1.63,0.08,0.38,0.01,35.1,0.5,0.894,67.6663173421947,True,True,False,True,False,False,J0935+0204,12.892783090921506
4,511,0.2256141,1980.45,0.04,2815.59,0.03,15.06,0.01,4.59,0.09,1.64,0.14,0.34,0.02,82.02,0.96,1.249,70.12312592992117,True,False,False,True,False,False,J0935+0204,67.56867723118387
5,512,0.2267267,3907.87,0.18,3395.66,0.1,15.22,0.04,14.96,0.17,0.24,0.01,0.57,0.01,41.82,0.98,1.023,55.24977424631754,True,False,False,True,False,True,J0935+0204,10.944088082911446
6,513,0.2269635,3101.68,0.07,3476.04,0.03,14.63,0.02,19.92,0.57,2.14,0.08,0.21,0.0,-69.86,0.29,1.019,77.87764775521089,True,False,False,True,False,False,J0935+0204,24.360518061460745
7,515,0.2328023,2781.65,0.09,2946.47,0.1,16.29,0.03,5.02,0.17,1.54,0.19,0.79,0.04,-2.3,7.55,1.103,37.81448850601414,True,False,False,True,False,False,J0935+0204,70.5374005271036
8,518,0.2623559,3777.54,0.07,1422.55,0.09,16.31,0.04,4.57,0.34,4.44,1.04,0.2,0.04,-22.28,1.91,1.129,78.46304096718451,True,False,False,True,False,False,J0935+0204,23.47488396613961
9,519,0.2623594,3408.67,0.11,2074.32,0.09,16.8,0.02,4.48,0.48,0.22,0.38,0.4,0.07,52.9,4.05,1.679,66.42182152179817,True,False,False,True,False,False,J0935+0204,71.90953182331462
10,520,0.26272,3870.69,0.03,1225.0,0.06,9.71,0.09,182.42,13.88,2.53,0.06,0.84,0.0,19.77,0.64,0.134,32.85988037888911,False,False,False,True,False,False,J0935+0204,68.63463311915596
11,527,0.3185991,3753.61,0.08,2237.38,0.06,14.74,0.01,16.6,0.18,0.8,0.02,0.66,0.01,-53.13,0.95,0.913,48.70012720829413,True,False,False,True,False,False,J0935+0204,55.06426269476908
12,529,0.3299305,4217.36,0.11,2486.67,0.12,16.78,0.03,5.31,0.25,0.95,0.17,0.78,0.05,-42.44,9.45,1.133,38.73942459785565,True,False,False,True,False,False,J0935+0204,55.23059350957169
13,532,0.3495139,3414.36,0.09,3001.01,0.1,15.93,0.01,8.0,0.16,0.53,0.05,0.78,0.02,27.0,3.48,1.077,38.73942459785565,True,False,False,True,False,False,J0935+0204,35.76793505703538
14,533,0.3536735,3857.11,0.08,1405.67,0.15,15.5,0.01,10.16,0.23,0.7,0.08,0.3,0.01,-3.0,0.92,2.938,72.5423968762779,True,False,False,True,False,False,J0935+0204,40.54124988196603
15,534,0.3555047,3799.31,0.01,2605.33,0.02,13.23,0.01,15.93,0.15,2.19,0.02,0.48,0.0,7.29,0.22,0.997,61.31459798588108,True,True,False,True,False,False,J0935+0204,19.139823414992925
16,538,0.4157514,2872.15,0.08,1922.8,0.08,16.6,0.02,2.02,0.19,1.93,0.78,0.81,0.08,-49.55,18.02,1.132,35.90406858331717,True,False,False,False,False,False,J0935+0204,65.66260850207183
17,540,0.4213445,2398.83,0.14,1547.03,0.12,16.63,0.02,6.0,0.19,0.68,0.15,0.79,0.04,62.69,7.89,1.164,37.81448850601414,True,False,False,True,False,False,J0935+0204,15.192678076531603
18,542,0.4247206,3249.68,0.11,1350.1,0.1,16.72,0.02,4.86,0.22,0.64,0.16,0.82,0.04,52.7,10.5,1.14,34.91520624744419,True,False,False,True,False,False,J0935+0204,52.93441775077905
19,543,0.4247313,3541.74,0.15,1748.04,0.16,16.39,0.03,10.5,0.42,0.92,0.11,0.41,0.02,43.5,1.71,1.081,65.79516519854168,True,False,False,True,False,False,J0935+0204,84.53432003406118
0,1508,0.11041,1782.87,0.02,1164.36,0.06,14.97,0.01,9.34,0.11,0.81,0.03,0.13,0.0,17.13,0.19,1.28,82.53040768358306,True,False,True,True,False,False,J1134+2555,37.62345323689992
1,1513,0.15673,1524.22,0.04,1623.84,0.06,15.35,0.01,6.92,0.11,0.71,0.03,0.37,0.01,-34.45,0.6,1.132,68.28438271673555,True,True,False,True,False,False,J1134+2555,46.21211802321198
2,1517,0.24187,1727.22,0.0,1073.37,0.0,14.66,0.0,9.64,0.0,0.01,0.0,0.47,0.01,-15.2,0.47,4.648,61.96570346511873,False,False,True,True,False,False,J1134+2555,34.41180306649948
3,1518,0.2466,2176.16,0.02,1040.59,0.02,13.66,0.02,9.07,0.24,3.04,0.06,0.95,0.01,-5.85,6.42,1.314,18.194872338766785,False,True,True,True,False,False,J1134+2555,12.633916314110174
4,1519,0.24669,1662.24,0.03,857.28,0.07,15.37,0.01,6.52,0.12,0.79,0.04,0.29,0.01,-0.33,0.53,1.527,73.14204397750285,True,False,False,True,False,False,J1134+2555,78.5840742145624
5,1520,0.2472364,1866.38,0.02,917.88,0.03,12.97,0.0,12.32,0.07,0.82,0.01,0.42,0.0,35.32,0.2,2.581,65.16541251029842,True,True,True,True,False,False,J1134+2555,84.22306780549691
6,1521,0.25337,1822.88,0.02,1756.81,0.01,13.56,0.01,6.05,0.05,1.28,0.01,0.85,0.01,67.74,1.44,2.117,31.78833061705162,False,True,True,True,False,False,J1134+2555,2.0871903676768477
7,1526,0.32871,1708.55,0.01,957.91,0.03,14.78,0.0,5.52,0.04,0.79,0.02,0.28,0.0,13.33,0.25,1.133,73.73979529168804,True,False,False,True,False,False,J1134+2555,79.95187899699927
8,1535,0.4226947,1812.91,0.02,1497.47,0.02,15.67,0.01,1.6,0.06,1.45,0.22,0.69,0.03,-38.16,4.11,2.463,46.369891132145696,True,False,False,False,False,False,J1134+2555,87.29323889132267
9,1536,0.4228481,1778.15,0.09,1484.13,0.05,15.97,0.02,3.82,0.13,0.62,0.11,0.31,0.03,-75.53,1.66,4.506,71.94076950921645,True,False,False,True,False,False,J1134+2555,52.10787183029213
10,1537,0.4254282,1695.5,0.08,871.06,0.09,16.64,0.04,2.44,0.18,0.97,0.31,0.78,0.07,-37.55,13.45,3.108,38.73942459785565,True,False,False,False,False,False,J1134+2555,36.0597478594397
11,1547,0.4964,1208.27,0.01,918.26,0.01,15.15,0.01,2.51,0.03,1.08,0.05,0.71,0.01,-32.59,1.57,1.103,44.76508467132842,True,False,False,False,False,False,J1134+2555,72.63982996098943
12,1549,0.4996323,1246.88,0.01,1078.99,0.01,14.65,0.01,3.48,0.03,1.02,0.02,0.74,0.01,-31.7,1.15,1.217,42.26858442957247,True,True,False,True,False,False,J1134+2555,56.60566483790843
13,1550,0.500067,1445.98,0.01,760.74,0.01,12.18,0.08,69.73,11.71,9.14,0.44,0.68,0.01,-38.88,0.64,1.391,47.15635695640366,True,True,False,True,False,False,J1134+2555,67.69174910941439
14,1552,0.5022924,1269.72,0.01,1353.69,0.01,13.47,0.01,7.5,0.13,3.88,0.06,0.56,0.0,65.25,0.39,1.073,55.94420225743209,True,True,False,True,False,False,J1134+2555,85.35331268021207
15,1564,0.6214974,1429.06,0.04,894.63,0.05,15.54,0.01,4.18,0.06,0.42,0.03,0.81,0.01,-17.15,2.96,1.241,35.90406858331717,True,False,False,True,False,False,J1134+2555,82.29471095668038
16,1567,0.6401769,1886.26,0.01,1426.19,0.01,14.58,0.01,3.05,0.07,3.86,0.17,0.67,0.01,-50.41,1.31,1.221,47.932935197504825,True,True,False,True,False,False,J1134+2555,82.74128044302313
0,146,0.03964,1046.91,0.03,779.43,0.02,11.96,0.01,22.21,0.14,1.06,0.01,0.54,0.0,53.89,0.2,0.503,57.31636115374206,True,True,True,True,False,False,J0809+4619,9.02676331406261
1,147,0.04596,1188.63,0.05,857.76,0.04,8.11,0.14,273.03,33.62,2.83,0.1,0.34,0.0,-51.61,0.15,0.136,70.12312592992117,True,True,False,True,False,False,J0809+4619,78.01388972792624
2,150,0.0745307,1274.89,0.05,1485.62,0.05,16.25,0.02,2.16,0.11,1.4,0.29,0.78,0.04,66.31,8.88,1.11,38.73942459785565,True,False,False,False,False,False,J0809+4619,61.26026467795539
3,152,0.1202273,2086.42,0.11,840.78,0.12,15.92,0.7,18.07,32.44,10.66,8.24,0.49,0.08,15.09,6.19,1.404,60.65941842497627,False,False,True,True,False,False,J0809+4619,46.86858705577568
4,154,0.1415522,1924.11,0.02,1686.16,0.01,15.02,0.01,2.17,0.04,1.66,0.12,0.49,0.01,64.9,1.14,1.11,60.65941842497627,True,False,False,False,False,False,J0809+4619,17.91574953834851
5,155,0.1472912,1332.06,0.11,1677.77,0.13,16.45,0.04,4.57,0.31,1.37,0.19,0.67,0.05,9.36,6.27,1.128,47.932935197504825,True,False,False,True,False,False,J0809+4619,81.24576724746794
6,159,0.1993183,2086.91,0.05,1215.43,0.04,16.14,0.01,2.06,0.1,1.49,0.33,0.36,0.05,-76.45,2.57,1.344,68.89980397590698,True,False,False,False,False,False,J0809+4619,76.57075991642205
7,168,0.30687,1292.9,0.02,1264.2,0.02,14.97,0.01,3.48,0.04,0.87,0.05,0.48,0.01,-45.7,0.86,1.349,61.31459798588108,True,False,False,True,False,False,J0809+4619,31.00536851000693
8,171,0.3396703,1719.58,0.25,1510.24,0.16,17.18,0.04,3.91,0.34,0.45,0.29,0.45,0.07,80.88,5.78,1.834,63.256316049597,True,False,False,True,False,False,J0809+4619,29.4211352677728
9,182,0.4899354,1390.32,0.13,1509.65,0.2,16.58,0.03,6.1,0.22,0.18,0.08,0.52,0.02,-13.33,2.74,1.123,58.667748502405736,True,False,False,True,False,False,J0809+4619,59.129275438891874
10,183,0.51522,1318.11,0.08,914.61,0.11,13.92,0.88,5.97,16.1,20.0,18.57,0.64,0.04,22.35,4.96,1.644,50.20818050044277,False,True,False,True,True,True,J0809+4619,38.71347118582292
11,185,0.520371,1680.33,0.29,832.53,0.16,17.14,0.1,7.14,16.7,0.04,0.24,0.25,0.06,73.01,2.52,1.148,75.52248781407008,False,False,True,True,False,False,J0809+4619,44.24703596901713
12,187,0.5216943,1616.79,0.05,1418.73,0.07,16.58,0.02,2.58,0.14,1.24,0.34,0.25,0.06,-24.19,2.53,1.119,75.52248781407008,True,False,False,False,False,False,J0809+4619,81.14652167180103
13,198,0.56319,1807.34,0.04,1152.12,0.05,16.6,0.02,1.81,0.1,0.82,0.37,0.6,0.05,38.98,6.17,1.138,53.13010235415599,True,False,False,False,False,False,J0809+4619,49.83203818502013
14,204,0.6450314,1669.36,0.05,1513.02,0.07,15.79,0.01,4.67,0.12,0.69,0.07,0.53,0.02,-7.17,1.71,1.156,57.99454517223575,True,False,False,True,False,False,J0809+4619,65.32306409789997
15,205,0.6453107,1303.76,0.28,1294.76,0.18,16.72,0.14,4.6,0.43,0.35,0.29,0.11,0.19,54.59,3.95,5.782,83.68468443064262,True,False,False,True,False,False,J0809+4619,78.71699206326123
0,812,0.0636123,2002.18,0.07,2681.85,0.09,14.2,0.04,24.62,0.97,1.31,0.05,0.73,0.01,-0.36,1.04,0.619,43.11360594589871,False,True,False,True,False,False,J1016+4706,18.57395927616961
1,815,0.1632,3203.9,0.01,1929.68,0.01,12.68,0.0,13.16,0.04,1.11,0.01,0.6,0.0,-41.68,0.2,0.538,53.13010235415599,True,True,False,True,True,False,J1016+4706,33.898950750997294
2,817,0.1641791,3921.81,0.04,2127.07,0.04,14.17,0.01,11.46,0.09,1.02,0.02,0.84,0.01,1.0,1.49,0.741,32.85988037888911,True,True,False,True,False,False,J1016+4706,13.165358031265672
3,822,0.16504,4465.79,0.12,1470.64,0.11,16.1,0.01,8.67,0.14,0.54,0.04,0.89,0.02,67.78,7.46,1.008,27.126753117273964,True,False,False,True,False,False,J1016+4706,80.72539696249247
4,823,0.1654337,3123.87,0.04,1924.78,0.05,15.53,0.02,6.43,0.16,1.9,0.12,0.47,0.02,-44.71,1.4,1.017,61.96570346511873,True,False,False,True,False,False,J1016+4706,42.888657161650094
5,824,0.1655488,3164.68,0.02,1815.22,0.02,11.96,0.02,18.36,0.46,2.15,0.04,0.88,0.0,-62.62,1.39,0.522,28.35763657632798,False,True,False,True,False,False,J1016+4706,20.748700847239345
6,827,0.16681,4158.58,0.01,1718.45,0.01,12.24,0.0,7.39,0.04,2.56,0.02,0.91,0.0,-64.55,1.06,1.49,24.49464847141968,False,True,False,True,True,False,J1016+4706,35.478244913219854
7,828,0.1671030368114643,4054.84,0.02,2926.2,0.02,12.12,0.01,18.19,0.2,1.3,0.02,0.78,0.0,56.94,0.6,0.562,38.73942459785565,False,False,True,True,False,False,J1016+4706,23.56559690579765
8,829,0.1674655,4569.83,0.02,1849.2,0.02,15.5,0.0,3.49,0.05,1.08,0.09,0.58,0.02,-58.76,1.44,1.021,54.54945736082459,True,False,False,True,False,False,J1016+4706,41.53146824180229
9,830,0.1675822,2591.26,0.01,1320.27,0.01,12.46,0.03,30.24,1.15,3.9,0.08,0.52,0.0,-52.05,0.22,0.369,58.667748502405736,True,False,False,True,False,False,J1016+4706,65.69970201487769
10,837,0.1735089,4415.04,0.11,1714.57,0.08,16.16,0.01,10.09,0.19,0.67,0.06,0.38,0.01,-54.71,0.96,1.021,67.6663173421947,True,False,False,True,False,False,J1016+4706,30.49042133961409
11,846,0.2639926,3014.9,0.07,1770.25,0.04,14.52,0.02,14.71,0.35,1.62,0.05,0.42,0.01,73.32,0.53,1.06,65.16541251029842,True,True,False,True,True,False,J1016+4706,6.755205175772439
12,850,0.3559036000432629,3075.29,0.1,2688.7,0.12,15.03,0.02,12.62,0.19,0.75,0.03,0.81,0.01,-13.62,2.86,0.905,35.90406858331717,True,False,False,True,False,False,J1016+4706,71.5343525408206
13,852,0.40082,4116.03,0.01,2641.09,0.01,13.27,0.01,9.9,0.14,2.82,0.04,0.74,0.0,-42.23,0.57,0.811,42.26858442957247,True,True,False,True,True,False,J1016+4706,60.79731580216304
14,859,0.4725080826485872,2659.85,0.09,3034.45,0.1,15.43,0.01,8.79,0.17,0.8,0.05,0.82,0.02,-18.1,3.93,1.044,34.91520624744419,True,False,False,True,False,False,J1016+4706,40.42044971933578
15,860,0.4729393,2737.14,0.08,3234.68,0.1,16.81,0.04,2.89,3.01,0.06,1.27,0.38,0.15,-19.86,6.9,1.102,67.6663173421947,True,False,False,False,False,False,J1016+4706,48.44367826092602
16,864,0.4835306728293192,3988.99,0.11,1844.67,0.13,16.58,0.07,5.55,0.5,2.0,0.43,0.79,0.06,33.64,10.58,1.066,37.81448850601414,True,False,False,True,False,False,J1016+4706,61.10067342987351
17,878,0.6445533,3825.32,0.08,2452.21,0.07,16.34,0.02,5.09,0.15,1.23,0.17,0.44,0.03,50.74,2.34,1.072,63.8961188626601,True,False,False,True,False,False,J1016+4706,38.9507321586426
0,1612,0.1930301,2087.61,0.06,1970.73,0.09,12.88,0.01,15.2,0.11,0.46,0.01,0.61,0.0,22.48,0.59,4.705,52.41049703514314,False,True,True,True,False,False,J1233-0031,37.57991340655267
1,1624,0.3184964954853058,1625.47,1.75,1236.02,1.53,15.64,0.37,4.27,20.69,0.06,3.43,0.84,0.74,69.24,138.81,861.875,32.85988037888911,True,False,False,True,False,False,J1233-0031,36.93342220409894
0,1130,0.0209013726562261,1355.96,0.03,2227.53,0.03,8.82,0.19,207.26,45.42,4.57,0.25,0.77,0.0,86.02,0.71,0.391,39.64611114697372,False,True,False,True,False,False,J1059+2517,53.56868311612858
0,497,0.0923018,5029.98,0.1,926.77,0.08,15.6,0.04,8.43,0.45,1.62,0.16,0.69,0.03,53.42,3.58,1.049,46.369891132145696,True,False,False,True,False,False,J0935+0204,85.87087294640719
1,502,0.1252984,2020.51,0.04,2578.34,0.02,13.71,0.01,11.55,0.09,1.23,0.02,0.54,0.0,83.55,0.41,0.845,57.31636115374206,True,False,False,True,False,False,J0935+0204,76.11483211054302
2,545,0.4258628,3593.79,0.22,2170.12,0.21,17.76,0.05,1.2,3.34,0.18,6.22,0.68,1.65,-24.61,164.63,1.126,47.15635695640366,True,False,False,False,True,False,J0935+0204,20.49704452033425
0,2275,0.1183851,2991.67,0.06,694.56,0.06,12.38,0.16,54.7,8.42,2.45,0.16,0.95,0.01,-17.9,5.27,0.517,18.194872338766785,True,False,False,True,False,False,J2345-0059,72.72472855761173
0,2223,0.1012926253065373,453.51,0.17,964.12,0.14,13.73,0.06,3.82,0.33,0.79,0.11,0.78,0.04,64.95,11.29,2006.894,38.73942459785565,False,False,True,True,False,False,J1555+3628,56.2454144588054
1,2224,0.1023823648409635,1056.99,445885251584.0,2333.71,1027059875840.0,16.0,227953000448.0,5.0,660069285888.0,0.6,41565327360.0,0.7,3533982720.0,60.0,1111086071808.0,0.0,45.5729959991943,False,False,False,True,False,False,J1555+3628,48.51816535356158
2,2229,0.1892965584993362,1390.12,0.01,1121.71,0.01,12.61,0.0,9.22,0.03,0.79,0.0,0.65,0.0,43.22,0.25,3.39,49.45839812649548,True,True,False,True,False,False,J1555+3628,45.46530584806882
3,2231,0.228165780989644,815.15,0.03,1635.19,0.01,15.68,0.01,5.76,0.04,0.58,0.01,0.4,0.0,87.69,0.26,1.138,66.42182152179817,True,False,False,True,False,False,J1555+3628,53.792607055436655
0,145,0.0237009171396493,628.955,1.0,2837.467,1.0,1.0,1.0,1.0,1.0,1.0,1.0,1.0,1.0,1.0,1.0,1.0,0.0,False,False,False,False,False,False,J0809+4619,63.90846409111736
1,153,0.12859,1999.94,0.01,98.19,0.01,13.55,0.0,6.67,0.03,0.84,0.0,0.52,0.0,-87.29,0.19,1.242,58.667748502405736,True,True,False,True,False,False,J0809+4619,23.113357986031826
2,160,0.2017999,1861.88,0.04,1922.94,0.04,15.16,0.01,7.39,0.09,0.67,0.01,0.4,0.0,-45.88,0.4,1.108,66.42182152179817,False,False,False,True,False,False,J0809+4619,72.40305633406007
3,164,0.2277593,1662.22,0.14,362.38,0.22,16.89,0.04,5.97,0.35,0.56,0.06,0.63,0.03,33.25,4.48,1.333,50.949877463846505,True,False,False,True,False,False,J0809+4619,69.78722789480761
0,1735,0.2012680321931839,1513.45,0.02,1260.72,0.01,14.09,0.01,4.76,0.12,3.66,0.16,0.33,0.01,-63.73,0.5,2.491,70.73122450851622,True,True,False,True,False,False,J1342-0053,47.344720187958565
1,1736,0.2185515,2166.43,0.03,555.1,0.02,14.02,0.0,8.42,0.06,0.82,0.01,0.66,0.0,-63.44,0.62,1.894,48.70012720829413,True,True,True,True,False,False,J1342-0053,14.314375966301627
2,1738,0.2270165830850601,1584.45,0.01,1306.67,0.01,12.48,0.01,8.06,0.09,3.07,0.03,0.8,0.0,-66.69,0.73,2.198,36.86989764584401,False,True,False,True,False,False,J1342-0053,36.131469886252006
0,1407,0.1544876247644424,1313.85,0.01,1001.19,0.01,13.24,0.02,12.26,0.3,3.14,0.05,0.85,0.01,-30.94,1.34,1.054,31.78833061705162,True,True,True,True,False,False,J1133+0327,89.9229734460887
1,1422,0.2467184,869.73,0.01,457.64,0.01,13.48,0.01,5.58,0.06,2.68,0.04,0.69,0.0,-35.82,0.53,1.662,46.369891132145696,True,True,False,True,False,False,J1133+0327,87.94274338666584
0,1506,0.032105952501297,1966.87,0.03,881.53,0.02,11.11,0.06,62.0,3.68,2.75,0.07,0.52,0.0,51.79,0.29,0.505,58.667748502405736,False,True,False,True,False,False,J1134+2555,85.02932749413831
1,1510,0.13215,2065.66,0.02,181.1,0.02,15.24,0.01,2.71,0.05,1.68,0.12,0.61,0.02,37.28,1.7,1.633,52.41049703514314,True,False,False,False,False,False,J1134+2555,77.06478101901308
2,1511,0.1322141,1769.23,0.02,237.13,0.01,12.29,0.0,12.89,0.06,1.17,0.01,0.54,0.0,77.28,0.2,2.734,57.31636115374206,False,True,False,True,False,False,J1134+2555,23.002694376274267
3,1512,0.1477132,1519.95,0.05,2195.33,0.03,15.84,0.01,2.99,0.08,0.97,0.12,0.41,0.02,-82.41,1.53,1.903,65.79516519854168,True,False,False,False,False,False,J1134+2555,3.539935282553068
4,1514,0.1599244,1601.84,0.01,348.17,0.02,14.4,0.01,5.29,0.14,3.08,0.12,0.33,0.01,14.37,0.46,2.068,70.73122450851622,True,True,False,True,True,False,J1134+2555,76.53565271376698
0,1084,0.0104128830134868,1196.63,0.08,4310.89,0.2,11.05,0.03,81.11,1.14,1.0,0.01,0.28,0.0,-28.38,0.08,0.02,73.73979529168804,False,False,False,True,False,False,J1059+1441,17.980875565941552
0,813,0.0639380008238597,2865.53,0.14,685.05,0.16,14.86,0.02,20.14,0.36,0.67,0.03,0.42,0.01,-39.79,0.69,0.883,65.16541251029842,True,False,False,True,False,False,J1016+4706,58.736690532925806
1,819,0.1646,4819.01,0.02,3899.73,0.01,13.55,0.0,13.23,0.05,1.31,0.01,0.35,0.0,-46.33,0.13,0.715,69.51268488527734,True,True,False,True,False,False,J1016+4706,89.3606989100665
2,820,0.1648004037560018,1512.88,0.1,2834.69,0.13,16.38,0.02,7.87,0.24,0.92,0.06,0.69,0.02,-3.27,3.12,0.975,46.369891132145696,True,False,True,True,True,False,J1016+4706,15.180232665944017
3,825,0.1661371290683746,2925.43,0.02,2432.88,0.02,11.93,0.01,21.36,0.1,0.99,0.01,0.65,0.0,-61.02,0.19,0.158,49.45839812649548,True,True,False,True,False,False,J1016+4706,25.49251544346209
4,833,0.16898,4700.48,0.09,2545.47,0.1,16.26,0.01,9.19,0.14,0.54,0.07,0.27,0.01,40.13,0.82,1.038,74.33573314862647,True,False,False,True,False,False,J1016+4706,31.454949245194072
5,835,0.1697113,3409.5,0.01,696.07,0.01,12.46,0.01,14.38,0.19,3.43,0.04,0.41,0.0,-68.58,0.17,1.143,65.79516519854168,False,True,False,True,True,False,J1016+4706,10.791237573001958
6,839,0.21972,4108.71,0.01,3026.17,0.02,12.58,0.01,20.86,0.13,1.76,0.01,0.3,0.0,5.25,0.09,0.651,72.5423968762779,True,True,False,True,False,False,J1016+4706,30.62361452612046
7,840,0.2203054,2550.41,0.01,886.74,0.03,13.75,0.0,11.02,0.07,1.33,0.02,0.32,0.0,28.83,0.2,1.05,71.33707511505752,True,True,True,True,True,False,J1016+4706,39.67220530818855
8,841,0.2352263,3418.43,0.21,3980.34,0.24,17.1,0.06,3.79,0.52,1.19,0.93,0.63,0.13,20.72,14.13,1.806,50.949877463846505,True,False,True,True,True,False,J1016+4706,58.79879030987263
9,844,0.2519547343254089,3052.95,0.05,2241.06,0.05,13.91,0.01,11.74,0.1,0.62,0.02,0.58,0.01,43.93,0.63,2.455,54.54945736082459,True,True,False,True,False,False,J1016+4706,4.194534296976365
0,1781,0.04005,4259.71,0.06,1790.3,0.07,14.47,0.02,15.35,0.25,1.06,0.03,0.58,0.01,42.04,0.77,0.91,54.54945736082459,True,False,False,True,False,False,J1419+4207,66.0107338942925
1,1782,0.0403699999999999,5244.75,0.03,2622.9,0.03,14.71,0.0,7.75,0.07,0.81,0.02,0.7,0.01,-59.4,0.9,0.989,45.5729959991943,True,False,False,True,False,False,J1419+4207,67.9376819953831
2,1787,0.1017329,2704.45,0.09,1989.55,0.1,13.09,0.09,69.61,6.64,2.25,0.12,0.28,0.0,47.46,0.27,0.367,73.73979529168804,False,False,True,True,True,False,J1419+4207,9.72295167512494
3,1791,0.1776046,1696.79,0.04,841.88,0.04,16.49,0.01,2.47,0.11,1.03,0.3,0.66,0.05,-43.96,5.58,1.106,48.70012720829413,True,False,False,False,False,False,J1419+4207,89.9311354908034
4,1792,0.1792481243610382,3411.56,0.02,2024.39,0.02,11.27,0.03,33.54,0.93,2.05,0.03,0.93,0.0,32.83,1.41,0.258,21.56518501524267,True,True,False,True,False,False,J1419+4207,75.33134437732336
5,1793,0.17973,2882.6,0.2,322.76,0.09,12.7,0.02,16.32,0.34,0.7,0.04,0.38,0.01,77.06,0.74,23.762,67.6663173421947,True,True,False,True,False,False,J1419+4207,6.43182012354704
6,1805,0.2469482,3342.14,0.2,786.85,0.1,16.8,0.03,6.55,0.31,0.97,0.22,0.2,0.04,81.85,1.83,1.127,78.46304096718453,True,False,False,True,False,False,J1419+4207,16.918251220489076
7,1811,0.2888157,3221.8,0.09,2424.16,0.05,14.86,0.01,14.21,0.2,1.02,0.04,0.21,0.0,-57.32,0.32,1.246,77.87764775521089,True,False,False,True,False,False,J1419+4207,75.59039292133066
8,1814,0.3153873,3803.22,0.13,2998.74,0.13,16.33,0.01,8.95,0.21,0.32,0.07,0.18,0.02,44.85,0.83,1.07,79.63024019452259,True,False,False,True,False,False,J1419+4207,0.2219631138169785
9,1817,0.3256985,3023.93,0.22,1911.09,0.16,15.96,0.03,10.9,0.4,0.75,0.07,0.63,0.02,77.7,2.89,1.025,50.949877463846505,True,False,False,True,False,False,J1419+4207,0.110435143130178
10,1819,0.3378633,2594.36,0.2,2346.04,0.15,17.4,0.03,4.34,0.35,0.29,0.28,0.46,0.08,-60.18,5.83,1.127,62.612892497346095,True,False,False,True,False,False,J1419+4207,55.30387025914932
11,1827,0.3994674,3020.15,0.18,1403.88,0.08,16.67,0.02,6.85,0.24,0.47,0.13,0.18,0.04,74.37,1.38,1.063,79.63024019452259,True,False,False,True,False,False,J1419+4207,10.018395271747188
12,1828,0.3995389,2803.78,0.2,1179.43,0.13,16.04,0.05,10.41,0.62,1.14,0.11,0.49,0.02,-65.6,2.34,1.344,60.65941842497627,True,False,False,True,False,False,J1419+4207,39.58038762657829
13,1832,0.4241757,2908.52,0.1,1352.91,0.08,15.26,0.01,10.25,0.18,0.69,0.03,0.71,0.01,62.69,2.05,1.008,44.76508467132842,True,False,False,True,False,False,J1419+4207,15.418694238461912
14,1835,0.4254513,3765.29,0.1,1429.21,0.08,14.46,0.01,14.41,0.17,0.8,0.02,0.76,0.01,81.84,1.54,0.822,40.53580211131656,True,False,False,True,False,False,J1419+4207,45.1198832768153
15,1837,0.4274773,3291.34,0.08,2316.3,0.07,16.1,0.01,5.69,0.16,0.68,0.1,0.49,0.02,49.4,1.88,1.236,60.65941842497627,True,False,False,True,False,False,J1419+4207,44.98793412494384
16,1844,0.454321,3217.24,0.24,2031.03,0.28,16.17,0.1,14.05,1.48,1.14,0.16,0.68,0.04,40.14,5.41,1.074,47.15635695640366,True,False,False,True,False,False,J1419+4207,71.72774299397922
17,1851,0.5217304,2917.94,0.02,1496.64,0.02,14.0,0.01,8.28,0.08,1.38,0.02,0.74,0.01,49.07,0.94,1.068,42.26858442957247,True,True,False,True,False,False,J1419+4207,27.626605604736035
18,1854,0.5225721,3101.68,0.16,1451.41,0.19,16.38,0.02,6.96,0.24,0.5,0.08,0.81,0.03,-8.36,7.46,1.057,35.90406858331717,True,False,False,True,False,False,J1419+4207,82.09345030291485
19,1859,0.5247722,2527.1,0.03,2923.53,0.03,13.78,0.01,10.52,0.07,1.0,0.01,0.7,0.0,2.8,0.63,1.081,45.5729959991943,True,True,False,True,False,False,J1419+4207,49.70640439463008
20,1867,0.5799361999999999,2783.34,0.12,2221.13,0.05,15.35,0.01,10.77,0.16,0.54,0.04,0.27,0.01,78.99,0.5,1.261,74.33573314862649,True,False,False,True,False,False,J1419+4207,64.98901748312848
0,2078,0.08228,2537.42,0.08,3047.51,0.13,15.4,0.01,9.65,0.2,0.78,0.05,0.54,0.01,-4.5,1.46,1.026,57.31636115374206,True,False,False,True,False,False,J1553+3548,35.0141680188424
1,2079,0.082712,3309.47,0.02,2435.38,0.09,13.44,0.01,31.85,0.4,1.18,0.02,0.17,0.0,-15.3,0.1,0.68,80.21218094328603,True,False,False,True,False,False,J1553+3548,32.62554038201448
2,2080,0.0917289927638431,3596.28,0.03,2893.57,0.05,14.85,0.01,7.37,0.08,0.75,0.04,0.41,0.01,5.9,0.58,1.034,65.79516519854168,True,True,False,True,False,False,J1553+3548,64.28661270765329
3,2083,0.15102,2861.09,0.03,3187.91,0.04,13.0,0.01,15.62,0.09,0.92,0.01,0.77,0.0,14.76,0.67,0.687,39.64611114697372,True,True,False,True,False,False,J1553+3548,72.52133250327921
4,2084,0.1585814,1641.21,0.11,2640.9,0.09,17.25,0.1,2.56,0.37,0.66,0.7,0.1,0.51,-67.1,5.67,1.088,84.26082952273322,True,False,False,False,False,False,J1553+3548,57.34085177777821
5,2085,0.1585954022761246,2316.05,0.04,4371.69,0.03,8.94,0.23,320.61,82.42,4.23,0.27,0.58,0.0,75.81,0.33,0.201,54.54945736082459,True,True,False,True,True,False,J1553+3548,42.18180305157345
6,2086,0.1639337,1721.94,0.04,2607.19,0.03,14.73,0.0,6.53,0.06,0.87,0.03,0.52,0.01,-76.96,0.67,1.025,58.667748502405736,True,False,False,True,False,False,J1553+3548,67.86096082758779
7,2087,0.1704942,4034.25,0.04,1696.83,0.05,15.58,0.03,2.24,0.13,4.56,0.94,0.34,0.04,82.75,2.21,1.074,70.12312592992117,True,False,False,False,False,False,J1553+3548,52.05312088295077
8,2090,0.1809917,4358.72,0.38,2417.77,0.37,17.43,1.9,3.14,11.47,18.4,67.69,0.11,0.13,15.29,7.0,1.214,83.68468443064262,False,False,False,True,False,False,J1553+3548,10.610244873845554
9,2091,0.1909909869305359,2243.1,0.01,3371.44,0.01,11.5,0.0,13.41,0.07,2.14,0.01,0.61,0.0,51.6,0.16,0.585,52.41049703514314,True,True,False,True,True,False,J1553+3548,86.56686782474446
10,2093,0.2171375,3769.95,0.02,2292.97,0.04,14.03,0.01,10.39,0.11,1.24,0.03,0.38,0.0,-18.19,0.38,0.674,67.6663173421947,True,True,True,True,True,False,J1553+3548,11.16359450601755
11,2094,0.2173298331899796,3167.03,0.05,1487.59,0.08,15.28,0.01,6.9,0.14,0.62,0.08,0.27,0.02,-33.32,0.9,2.304,74.33573314862647,True,False,False,True,False,False,J1553+3548,71.7623227102048
12,2095,0.2175354,3379.01,0.04,2714.84,0.03,14.31,0.0,10.93,0.07,0.68,0.02,0.25,0.0,-51.92,0.22,1.012,75.52248781407008,True,False,False,True,False,False,J1553+3548,35.41915871487587
13,2096,0.2178666031017463,3792.81,0.01,2291.56,0.02,12.81,0.01,19.64,0.18,2.46,0.03,0.11,0.0,6.11,0.06,0.658,83.68468443064262,True,True,True,True,True,False,J1553+3548,12.935882811519996
14,2105,0.3417163421004471,2603.61,0.48,1296.81,0.38,17.24,0.08,7.22,0.89,0.84,0.23,0.7,0.09,87.47,12.9,1.15,45.5729959991943,True,False,False,True,False,False,J1553+3548,34.732741697740984
15,2108,0.3594034,3318.58,0.15,1415.81,0.15,16.1,0.06,10.49,0.92,1.61,0.22,0.43,0.03,45.73,2.35,1.051,64.53243985752763,True,False,False,True,False,False,J1553+3548,39.44694504853952
16,2111,0.3681823601969429,3620.87,204828.91,1628.58,87443.45,17.87,163.66,0.46,1344.08,0.05,603.33,0.05,177107.67,-53.7,293168.97,9.042,87.13401601740114,False,False,False,False,True,False,J1553+3548,18.77078624778081
17,2113,0.3931365,2954.26,0.12,1617.45,0.16,16.7,0.04,5.5,0.31,1.02,0.24,0.49,0.05,-35.71,4.37,1.094,60.65941842497627,True,False,False,True,False,False,J1553+3548,85.79284862031616
18,2124,0.47359,3287.76,0.01,2687.13,0.01,12.84,0.08,33.97,6.53,10.55,0.76,0.7,0.01,57.13,0.85,0.768,45.5729959991943,False,True,False,True,False,False,J1553+3548,50.21300400691801
19,2126,0.4753203559055391,3766.27,0.02,2153.61,0.02,13.34,0.01,7.97,0.08,2.09,0.03,0.94,0.01,-26.74,3.59,0.98,19.948443588802704,True,True,False,True,False,False,J1553+3548,0.113648126341276
20,2137,0.5200746,3113.34,0.15,1357.2,0.19,16.04,0.4,16.47,11.98,4.84,2.31,0.59,0.07,28.26,6.5,1.108,53.84299179900117,True,False,False,True,False,False,J1553+3548,45.65324058646799
0,679,0.0111627401784062,7792.6,0.13,9222.2,0.11,1.0,1.0,1.0,1.0,1.0,1.0,1.0,1.0,1.0,1.0,0.889,0.0,False,False,False,False,False,False,J1001+5944,54.03399749001634
1,683,0.0733958,2411.85,0.13,1667.65,0.11,14.84,0.08,18.69,1.48,1.41,0.12,0.82,0.02,54.1,3.93,0.889,34.91520624744419,True,False,False,True,False,False,J1001+5944,4.024311122769047
2,693,0.2806913,3710.05,0.03,3279.29,0.03,13.68,0.01,15.2,0.19,1.25,0.02,0.73,0.0,46.21,0.76,0.682,43.11360594589871,True,True,False,True,False,False,J1001+5944,5.806377022241386
3,695,0.281961,2689.24,0.16,3890.7,0.22,16.44,0.04,9.4,0.6,1.07,0.2,0.45,0.04,-37.14,3.04,1.049,63.256316049597,True,False,False,True,False,False,J1001+5944,41.02689354287333
4,697,0.2822419,4246.75,0.03,3096.14,0.03,14.59,0.0,6.24,0.06,0.48,0.03,0.63,0.01,-32.66,0.97,1.345,50.949877463846505,True,False,False,True,False,False,J1001+5944,62.73050247631819
5,726,0.4160519,2998.2,0.17,2446.14,0.11,15.48,0.07,12.03,0.89,1.41,0.16,0.72,0.03,-78.22,3.16,0.544,43.945519562308846,True,False,False,True,True,False,J1001+5944,5.097298074471593
0,245,0.0299850236624479,679.05,0.07,2510.61,0.06,31.03,0.15,13.1,3.35,4.33,0.78,0.71,0.03,59.67,4.05,0.0,44.76508467132842,False,False,False,True,False,False,J0843+4117,64.58798153963359
1,247,0.0853825,1619.08,0.0,1344.36,0.0,17.06,0.01,5.71,0.04,2.33,0.02,0.72,0.02,-79.7,0.2,1.089,43.945519562308846,False,False,True,True,True,False,J0843+4117,67.56530584211775
0,1674,0.20526222884655,1545.89,0.3,1296.67,0.21,13.99,0.07,3.78,0.45,0.8,0.33,0.57,0.09,89.16,9.71,775.032,55.24977424631754,True,False,True,True,False,False,J1241+5721,12.963556828215642
1,1675,0.2178031653165817,1548.83,0.04,1438.51,0.05,14.32,0.02,7.35,0.18,1.13,0.06,0.84,0.01,-2.79,2.55,1.069,32.85988037888911,True,False,False,True,True,True,J1241+5721,84.79146037779748
2,1685,0.3607424,1034.06,0.07,1078.08,0.05,13.75,0.0,15.03,0.08,0.12,0.01,0.3,0.0,53.7,0.17,3.312,72.5423968762779,False,False,True,True,False,False,J1241+5721,36.00537200476944
3,1686,0.3609549,975.45,0.24,1047.58,0.39,17.03,0.07,4.56,0.35,0.06,0.3,0.45,0.06,2.62,6.41,11.209,63.256316049597,False,False,False,True,False,False,J1241+5721,16.123609199452336
0,1954,0.01849,3471.59,0.04,1179.94,0.04,15.78,0.01,2.36,0.09,1.76,0.22,0.75,0.03,64.14,5.81,1.069,41.40962210927086,True,False,False,False,False,False,J1437+5045,29.534410709483627
1,1955,0.0872482,1480.78,0.04,195.63,0.06,15.94,0.01,4.12,0.09,0.74,0.11,0.49,0.02,19.89,1.91,1.104,60.65941842497627,True,False,False,True,False,False,J1437+5045,18.483715603001325
2,1956,0.1281,1017.5,0.2,406.67,0.19,15.93,0.02,13.72,0.29,0.57,0.06,0.24,0.01,47.02,0.77,1.057,76.11345963737101,True,False,False,True,True,False,J1437+5045,18.084374318246425
3,1957,0.1298059,4056.15,0.15,375.92,0.16,12.86,0.05,8.08,0.61,1.16,0.11,0.02,0.0,44.07,0.1,5.573,88.85400800161142,False,False,False,True,False,True,J1437+5045,70.34503780774646
4,1958,0.1299231,4816.84,0.07,3751.28,0.06,14.22,0.03,16.8,0.39,1.13,0.03,0.8,0.01,-55.23,1.8,0.75,36.86989764584401,True,False,False,True,False,False,J1437+5045,69.29805421864589
5,1959,0.1412795,4271.01,0.33,3433.78,0.28,17.08,2.29,7.98,57.64,19.97,80.35,0.58,0.27,44.82,26.37,1.29,54.54945736082459,False,False,False,True,True,False,J1437+5045,18.875636972120702
6,1960,0.1436,3357.25,7.64,1882.81,21.83,12.34,231.0,27.27,5777.98,0.15,274.12,0.0,0.25,-19.03,12.21,69.752,90.0,False,False,True,True,False,False,J1437+5045,41.69618655107741
7,1961,0.1796401,5114.74,0.02,773.49,0.07,14.81,0.01,13.18,0.12,0.91,0.03,0.17,0.0,-4.7,0.21,1.096,80.21218094328603,False,False,True,True,True,False,J1437+5045,25.30855292654889
8,1962,0.2344,2505.79,0.23,1258.27,0.16,16.21,0.02,7.71,0.29,0.47,0.09,0.61,0.03,80.4,3.6,1.569,52.41049703514314,True,False,False,True,False,False,J1437+5045,52.84229451359715
9,1963,0.23601,2695.28,0.09,2982.57,0.17,15.85,0.03,10.86,0.38,1.0,0.09,0.33,0.01,-20.68,1.12,1.057,70.73122450851622,True,False,False,True,False,False,J1437+5045,38.47139546358291
10,1964,0.2459990680217743,2935.39,0.02,1896.79,0.02,12.97,0.0,9.51,0.03,0.71,0.01,0.99,0.0,-18.26,10.23,1.353,8.109614455994183,False,True,False,True,True,False,J1437+5045,1.2043096871754695
11,1965,0.2504563,3608.61,0.56,3424.04,0.31,16.81,0.22,6.73,0.68,0.71,0.23,0.34,0.04,-67.14,4.26,1.079,70.12312592992117,True,False,True,True,True,True,J1437+5045,28.743990395724985
12,1970,0.30688,3049.28,0.11,1819.76,0.21,15.55,0.02,13.86,0.32,0.67,0.05,0.42,0.01,20.19,1.07,1.005,65.16541251029842,True,False,False,True,False,False,J1437+5045,31.37812398669097
13,1976,0.3449302,3624.52,0.11,1754.39,0.1,17.14,0.03,1.73,0.3,1.51,1.31,0.81,0.15,33.9,32.86,1.164,35.90406858331717,True,False,False,False,False,False,J1437+5045,30.570520676620244
14,1977,0.3450804,4314.59,0.08,1364.69,0.07,15.89,0.02,3.68,0.18,1.57,0.28,0.6,0.04,-88.35,3.97,2.112,53.13010235415599,True,False,False,True,False,False,J1437+5045,65.04660584720806
15,1978,0.3564435,3645.9,0.02,1600.48,0.03,14.97,0.01,4.77,0.05,1.08,0.04,0.61,0.01,35.67,1.12,1.049,52.41049703514314,True,False,False,True,False,False,J1437+5045,69.84330022469214
16,1980,0.3688216,3998.73,0.15,2252.77,0.14,15.58,0.02,15.15,0.35,0.82,0.06,0.19,0.01,-46.34,0.49,1.026,79.04721580110888,True,False,False,True,False,False,J1437+5045,88.46125349682913
17,1981,0.368891,3155.69,0.03,553.11,0.04,14.56,0.0,10.51,0.07,0.52,0.02,0.19,0.0,-32.69,0.2,1.009,79.04721580110888,True,False,False,True,True,False,J1437+5045,70.53458643080262
18,1983,0.374606,3590.79,0.4,1781.17,0.17,16.83,0.04,10.15,0.63,0.65,0.17,0.25,0.03,-72.01,1.92,1.232,75.52248781407008,True,False,False,True,False,False,J1437+5045,85.67635965201079
19,1987,0.45163,3834.31,0.05,1084.63,0.04,15.85,0.01,3.09,0.08,0.55,0.11,0.94,0.03,60.4,17.62,1.077,19.948443588802704,True,False,False,True,False,False,J1437+5045,60.79654814493349
20,1992,0.47371,3789.84,0.04,2440.09,0.05,15.61,0.01,5.46,0.11,1.35,0.09,0.33,0.02,-36.24,1.01,1.072,70.73122450851622,True,False,False,True,False,False,J1437+5045,80.72385342846157
21,1997,0.5052279,4345.57,0.08,1405.13,0.07,16.24,0.02,2.85,0.15,0.07,0.88,0.79,0.05,83.82,10.76,2.882,37.81448850601414,True,False,False,False,False,False,J1437+5045,75.79265266638238
22,1999,0.5070609,2417.97,0.16,1459.66,0.1,16.21,0.02,6.95,0.23,0.68,0.11,0.44,0.02,84.81,1.93,1.122,63.8961188626601,True,False,False,True,False,False,J1437+5045,69.2280320410643
23,2003,0.5668489,2771.15,0.16,1331.79,0.15,16.55,0.02,5.36,0.24,0.53,0.12,0.97,0.05,-38.63,59.27,1.094,14.069867747572133,True,False,False,True,False,False,J1437+5045,70.4139154966249
24,2005,0.5702511,3298.35,0.03,1357.71,0.05,14.88,0.01,8.97,0.13,1.16,0.04,0.46,0.01,33.34,0.68,1.003,62.612892497346095,True,False,False,True,False,False,J1437+5045,37.09661706912615
0,1266,0.1548138,4338.75,0.01,1501.85,0.01,13.84,0.0,6.61,0.02,0.72,0.0,0.72,0.0,36.72,0.34,1.501,43.945519562308846,True,True,False,True,True,False,J1112+3539,65.1779711562775
1,1271,0.1984191,3232.54,0.07,3817.71,0.05,15.53,0.01,6.99,0.14,1.0,0.07,0.42,0.01,65.09,1.06,1.257,65.16541251029841,True,False,False,True,False,False,J1112+3539,16.1858004009514
2,1273,0.2467043250799179,2814.2,0.03,2318.83,0.04,12.84,0.0,17.81,0.06,0.73,0.01,0.68,0.0,-6.14,0.33,0.396,47.15635695640366,True,True,False,True,False,False,J1112+3539,19.90559869874955
0,620,0.087535,521.55,0.02,778.24,0.02,12.77,0.01,14.38,0.12,1.34,0.01,0.65,0.0,-51.72,0.46,1.231,49.45839812649548,True,True,False,True,False,False,J0943+0531,76.44026555700516
1,624,0.1483404,2446.83,0.01,501.59,0.01,13.97,0.0,5.19,0.03,0.68,0.01,0.9,0.0,76.13,2.33,1.418,25.84193276316713,False,True,True,True,True,False,J0943+0531,66.49888225460347
2,627,0.2283858507871627,1389.9,0.02,1426.19,0.01,13.22,0.0,8.52,0.06,1.09,0.01,0.64,0.0,60.01,0.43,1.319,50.20818050044277,False,True,False,True,False,False,J0943+0531,58.22921412812987
3,644,0.35295170545578,1635.3,0.04,1221.06,0.04,15.84,0.01,2.81,0.08,1.25,0.13,0.75,0.02,-88.01,4.15,1.101,41.40962210927086,True,False,False,False,False,False,J0943+0531,85.46875333001103
0,949,0.0743661373853683,2743.58,0.12,2583.77,0.11,15.45,0.03,12.01,0.38,0.95,0.05,0.54,0.01,69.35,2.19,0.963,57.31636115374206,False,False,True,True,True,False,J1022+0132,60.89392022730692
0,366,0.2265092,4168.02,0.02,976.13,0.05,11.84,0.02,32.56,0.57,1.49,0.02,0.45,0.0,-27.71,0.25,1.277,63.256316049597,True,False,False,True,False,False,J0914+2823,23.596927522630285
1,369,0.2443138062953949,3338.89,0.03,2008.97,0.02,13.27,0.0,13.86,0.06,0.83,0.0,0.84,0.0,57.41,0.8,0.767,32.85988037888911,True,True,False,True,False,False,J0914+2823,71.05753206701107
